"字詞號","字詞名","圖片題名","檔案名稱","圖片作者","圖片第一層分類","圖片第二層分類","未獲授權無法提供圖片者(以X表示)"
"003800002","柏樹","柏樹(龍柏)","003800002.jpg
","黃兆鎮","~","~","X"
"011400011","斑鳩","斑鳩","011400011.jpg
","鄭至文","~","~","X"
"020400006","壁虎","壁虎","020400006.jpg
","鄭至文","~","~","X"
"028300003","哺育","哺育","0588000011.jpg
","黃兆鎮","~","~","X"
"0588000011","玫瑰花","玫瑰花","058800001.jpg
","黃兆鎮","15植物","花卉","X"
"070100001","獼猴","獼猴","070100001.jpg
","黃兆鎮","~","~","X"
"0885000062","粉蝶","粉蝶(臺灣黃蝶)","0885000062.jpg
","黃兆鎮","05動物","昆蟲","X"
"090700003","紡織娘","紡織娘(臺灣騷斯)","090700003.jpg
","黃兆鎮","05動物","昆蟲","X"
"0914","楓","楓(青楓)","0914.jpg
","黃兆鎮","15植物","植物","X"
"006100038","百葉窗","百葉窗","101.jpg
","藍采瑛","~","~",
"009600031","保險箱","保險箱","101.jpg
","藍采瑛","~","~",
"012900009","辦公桌","辦公桌","101.jpg
","藍采瑛","~","~",
"012900011","辦公室","辦公室","101.jpg
","藍采瑛","20綜合主題圖","~",
"0168","筆","筆","101.jpg
","藍采瑛","~","~",
"0286000100","布告欄","布告欄","101.jpg
","藍采瑛","~","~",
"0660","門","門","101.jpg
","藍采瑛","~","~",
"071000008","祕書","祕書","101.jpg
","藍采瑛","~","~",
"101400136","打字機","打字機","101.jpg
","藍采瑛","~","~",
"110800005","檔案","檔案","101.jpg
","藍采瑛","~","~",
"1108000051","檔案夾","檔案夾","101.jpg
","藍采瑛","~","~",
"120900021","電腦","電腦","101.jpg
","藍采瑛","~","~",
"120900063","電話","電話","101.jpg
","藍采瑛","~","~",
"120900068","電話答錄機","電話答錄機","101.jpg
","藍采瑛","~","~",
"120900127","電子計算機","電子計算機","101.jpg
","藍采瑛","~","~",
"123000001","釘書機","釘書機","101.jpg
","藍采瑛","~","~",
"424500023","職員","職員","101.jpg
","藍采瑛","~","~",
"4609","鐘","鐘(2)","101.jpg
","藍采瑛","~","~",
"4637","尺","尺","101.jpg
","藍采瑛","~","~",
"469300004","抽屜","抽屜","101.jpg
","藍采瑛","~","~",
"4851000201","傳真機","傳真機","101.jpg
","藍采瑛","~","~",
"615600002","印表機","印表機","101.jpg
","藍采瑛","~","~",
"621500019","影印機","影印機","101.jpg
","藍采瑛","~","~",
"007700010","北斗七星","北斗七星(大熊星座)","103.jpg
","藍采瑛","~","~",
"007700014","北極星","北極星(小熊星座)","103.jpg
","藍采瑛","~","~",
"064900034","滿月","滿月","103.jpg
","藍采瑛","~","~",
"077500010","冥王星","冥王星","103.jpg
","藍采瑛","~","~",
"0790000211","木星","木星","103.jpg
","藍采瑛","~","~",
"114700071","地球","地球","103.jpg
","藍采瑛","~","~",
"135000013","太空","太空","103.jpg
","藍采瑛","20綜合主題圖","~",
"135000021","太空人","太空人","103.jpg
","藍采瑛","~","~",
"135000024","太空梭","太空梭","103.jpg
","藍采瑛","~","~",
"135000025","太空衣","太空衣","103.jpg
","藍采瑛","~","~",
"135000041","太陽","太陽","103.jpg
","藍采瑛","~","~",
"147500164","天王星","天王星","103.jpg
","藍采瑛","~","~",
"151300033","土星","土星","103.jpg
","藍采瑛","~","~",
"242000002","軌道","軌道","103.jpg
","藍采瑛","~","~",
"271100061","海王星","海王星","103.jpg
","藍采瑛","~","~",
"286100023","火箭","火箭","103.jpg
","藍采瑛","~","~",
"286100029","火星","火星","103.jpg
","藍采瑛","~","~",
"290700001","彗星","彗星","103.jpg
","藍采瑛","~","~",
"332200031","金星","金星","103.jpg
","藍采瑛","~","~",
"390700052","下弦","下弦","103.jpg
","藍采瑛","~","~",
"4049000551","新月","新月","103.jpg
","藍采瑛","~","~",
"516300070","水星","水星","103.jpg
","藍采瑛","~","~",
"520100095","人造衛星","人造衛星","103.jpg
","藍采瑛","~","~",
"012400016","半徑","半徑","10301.jpg
","藍采瑛","~","~",
"012400030","半圓","半圓","10301.jpg
","藍采瑛","~","~",
"034500009","拋物線","拋物線","10301.jpg
","藍采瑛","~","~",
"0489000401","平行線","平行線","10301.jpg
","藍采瑛","~","~",
"0489000403","平行四邊形","平行四邊形","10301.jpg
","藍采瑛","~","~",
"129500002","鈍角","鈍角","10301.jpg
","藍采瑛","~","~",
"143300002","梯形","梯形","10301.jpg
","藍采瑛","~","~",
"151200015","圖形","圖形","10301.jpg
","藍采瑛","20綜合主題圖","~",
"153200002","橢圓形","橢圓形","10301.jpg
","藍采瑛","~","~",
"1892000051","立方體","立方體","10301.jpg
","藍采瑛","~","~",
"206100002","菱形","菱形","10301.jpg
","藍采瑛","~","~",
"2240","高","高(1)","10301.jpg
","藍采瑛",,"~",
"2631","寬","寬(8)","10301.jpg
","藍采瑛",,"~",
"2810","弧","弧","10301.jpg
","藍采瑛","~","~",
"3594000081","切線","切線","10301.jpg
","藍采瑛","~","~",
"3640000041","球體","球體","10301.jpg
","藍采瑛","~","~",
"4004","弦","弦","10301.jpg
","藍采瑛","~","~",
"423200014","直角","直角","10301.jpg
","藍采瑛","~","~",
"423200015","直徑","直徑","10301.jpg
","藍采瑛","~","~",
"423200022","直線","直線","10301.jpg
","藍采瑛","~","~",
"448500011","正方形","正方形","10301.jpg
","藍采瑛","~","~",
"4757","長","長(2)","10301.jpg
","藍采瑛","~","~",
"475700009","長方形","長方形","10301.jpg
","藍采瑛","~","~",
"4838000151","垂直線","垂直線","10301.jpg
","藍采瑛","~","~",
"503400001","扇形","扇形","10301.jpg
","藍采瑛","~","~",
"5254000021","銳角","銳角","10301.jpg
","藍采瑛","~","~",
"562200024","三角形","三角形","10301.jpg
","藍采瑛","~","~",
"655600012","圓心","圓心","10301.jpg
","藍采瑛","~","~",
"655600013","圓形","圓形","10301.jpg
","藍采瑛","~","~",
"655600014","圓周","圓周","10301.jpg
","藍采瑛","~","~",
"6556000142","圓柱體","圓柱體","10301.jpg
","藍采瑛","~","~",
"6556000161","圓錐體","圓錐體","10301.jpg
","藍采瑛","~","~",
"0060000141","白帶魚","白帶魚","104.jpg
","藍采瑛","~","~",
"0150","蚌","蚌","104.jpg
","藍采瑛","~","~",
"038900001","螃蟹","螃蟹","104.jpg
","藍采瑛","~","~",
"0644","鰻","鰻","104.jpg
","藍采瑛","~","~",
"215600021","龍蝦","龍蝦","104.jpg
","藍采瑛","~","~",
"263500001","昆布","昆布","104.jpg
","藍采瑛","~","~",
"268300007","河豚","河豚","104.jpg
","藍采瑛","~","~",
"2711","海","海","104.jpg
","藍采瑛","~","~",
"271100002","海豹","海豹","104.jpg
","藍采瑛","~","~",
"271100007","海馬","海馬","104.jpg
","藍采瑛","~","~",
"271100013","海膽","海膽","104.jpg
","藍采瑛","~","~",
"271100019","海豚","海豚A","104.jpg
","藍采瑛","~","~",
"271100031","海龜","海龜","104.jpg
","藍采瑛","~","~",
"271100043","海星","海星","104.jpg
","藍采瑛","~","~",
"271100055","海鷗","海鷗","104.jpg
","藍采瑛","~","~",
"3373","鯨","鯨","104.jpg
","藍采瑛","~","~",
"3891","蝦","蝦","104.jpg
","藍采瑛","~","~",
"444400006","章魚","章魚","104.jpg
","藍采瑛","~","~",
"4953","鯊","鯊","104.jpg
","藍采瑛","~","~",
"622700011","烏賊","烏賊","104.jpg
","藍采瑛","~","~",
"003500002","伯母","伯母","105.jpg
","劉正修","~","~",
"003500003","伯父","伯父","105.jpg
","劉正修","~","~",
"022500003","表妹","表妹","105.jpg
","劉正修","~","~",
"022500008","表弟","表弟","105.jpg
","劉正修","~","~",
"022500013","表哥","表哥","105.jpg
","劉正修","~","~",
"0225000261","表姊","表姊","105.jpg
","劉正修","~","~",
"060400001","妹妹","妹妹","105.jpg
","劉正修","~","~",
"060400002","妹婿","妹婿","105.jpg
","劉正修","~","~",
"078200005","母親","母親","105.jpg
","劉正修","~","~",
"0931","夫","夫","105.jpg
","劉正修","~","~",
"098400003","父親","父親","105.jpg
","劉正修","~","~",
"114800003","弟弟","弟弟","105.jpg
","劉正修","~","~",
"114800004","弟媳","弟媳","105.jpg
","劉正修","~","~",
"141300001","堂妹","堂妹","105.jpg
","劉正修","~","~",
"141300002","堂弟","堂弟","105.jpg
","劉正修","~","~",
"141300005","堂哥","堂哥","105.jpg
","劉正修","~","~",
"1413000091","堂姊","堂姊","105.jpg
","劉正修","~","~",
"173100037","女婿","女婿","105.jpg
","劉正修","~","~",
"173100057","女兒","女兒","105.jpg
","劉正修","~","~",
"220000001","哥哥","哥哥","105.jpg
","劉正修","~","~",
"233400002","姑媽","姑媽","105.jpg
","劉正修","~","~",
"233400008","姑丈","姑丈","105.jpg
","劉正修","~","~",
"324500001","舅媽","舅媽","105.jpg
","劉正修","~","~",
"324500005","舅舅","舅舅","105.jpg
","劉正修","~","~",
"3525","妻","妻","105.jpg
","劉正修","~","~",
"369200023","親屬","親屬關係和稱謂","105.jpg
","劉正修","20綜合主題圖","~",
"386400001","媳婦","媳婦","105.jpg
","劉正修","~","~",
"423800001","姪女","姪女","105.jpg
","劉正修","~","~",
"423800002","姪子","姪子","105.jpg
","劉正修","~","~",
"477700014","稱謂","稱謂","105.jpg
","劉正修","~","~",
"506500002","嬸嬸","嬸嬸","105.jpg
","劉正修","~","~",
"511600001","叔父","叔父","105.jpg
","劉正修","~","~",
"529200003","姊夫","姊夫","105.jpg
","劉正修","~","~",
"529200004","姊姊","姊姊","105.jpg
","劉正修","~","~",
"538000001","祖母","祖母","105.jpg
","劉正修","~","~",
"538000002","祖父","祖父","105.jpg
","劉正修","~","~",
"560900002","嫂嫂","嫂嫂","105.jpg
","劉正修","~","~",
"568900001","孫女","孫女","105.jpg
","劉正修","~","~",
"568900002","孫子","孫子","105.jpg
","劉正修","~","~",
"582800012","兒子","兒子","105.jpg
","劉正修","~","~",
"585400001","姨媽","姨媽","105.jpg
","劉正修","~","~",
"585400004","姨丈","姨丈","105.jpg
","劉正修","~","~",
"629800065","外甥","外甥","105.jpg
","劉正修","~","~",
"6298000651","外甥女","外甥女","105.jpg
","劉正修","~","~",
"629800072","外祖母","外祖母","105.jpg
","劉正修","~","~",
"629800073","外祖父","外祖父","105.jpg
","劉正修","~","~",
"629800077","外孫","外孫","105.jpg
","劉正修","~","~",
"032100008","排隊","排隊","106.jpg
","藍采瑛","~","~",
"080500011","發票","發票","106.jpg
","藍采瑛","~","~",
"095800021","服務員","服務員","106.jpg
","藍采瑛","~","~",
"098500003","付款","付款","106.jpg
","藍采瑛","~","~",
"182500006","籃子","籃子","106.jpg
","藍采瑛","~","~",
"1850000461","冷藏庫","冷藏庫","106.jpg
","藍采瑛","~","~",
"237600005","顧客","顧客","106.jpg
","藍采瑛","~","~",
"242800001","櫃臺","櫃臺","106.jpg
","藍采瑛","~","~",
"468400010","超級市場","超級市場","106.jpg
","藍采瑛","20綜合主題圖","~",
"4799","秤","秤","106.jpg
","藍采瑛","~","~",
"500200050","收銀機","收銀機","106.jpg
","藍采瑛","~","~",
"5004000170","手推車","手推車","106.jpg
","藍采瑛","~","~",
"006900008","杯子","杯子","107.jpg
","藍采瑛","~","~",
"0096000222","保鮮膜","保鮮膜","107.jpg
","藍采瑛","~","~",
"0368","盤","盤","107.jpg
","藍采瑛","~","~",
"0497","瓶","瓶","107.jpg
","藍采瑛","~","~",
"055600001","抹布","抹布","107.jpg
","藍采瑛","~","~",
"1044","刀","刀","107.jpg
","藍采瑛","~","~",
"1119","凳","凳","107.jpg
","藍采瑛","~","~",
"1167","碟","碟","107.jpg
","藍采瑛","~","~",
"120900005","電冰箱","電冰箱","107.jpg
","藍采瑛","~","~",
"146800010","調羹","調羹","107.jpg
","藍采瑛","~","~",
"175300006","垃圾筒","垃圾筒","107.jpg
","藍采瑛","~","~",
"1962000251","流理臺","流理臺","107.jpg
","藍采瑛","~","~",
"2393","鍋","鍋","107.jpg
","藍采瑛","~","~",
"2393000031","鍋鏟","鍋鏟","107.jpg
","藍采瑛","~","~",
"240000015","果汁機","果汁機","107.jpg
","藍采瑛","~","~",
"2521000441","開罐器","開罐器","107.jpg
","藍采瑛","~","~",
"253700003","烤箱","烤箱","107.jpg
","藍采瑛","~","~",
"259900001","筷子","筷子","107.jpg
","藍采瑛","~","~",
"442000001","砧板","砧板","107.jpg
","藍采瑛","~","~",
"4653","叉","叉","107.jpg
","藍采瑛","~","~",
"465900010","茶壺","茶壺","107.jpg
","藍采瑛","~","~",
"4693000191","抽油煙機","抽油煙機","107.jpg
","藍采瑛","~","~",
"480800001","廚房","廚房","107.jpg
","藍采瑛","20綜合主題圖","~",
"499000001","勺子","勺子","107.jpg
","藍采瑛","~","~",
"516300042","水龍頭","水龍頭","107.jpg
","藍采瑛","~","~",
"516300097","水槽","水槽","107.jpg
","藍采瑛","~","~",
"547000009","餐桌","餐桌","107.jpg
","藍采瑛","~","~",
"6280000050","瓦斯爐","瓦斯爐","107.jpg
","藍采瑛","~","~",
"632000002","微波爐","微波爐","107.jpg
","藍采瑛","~","~",
"6369","碗","碗","107.jpg
","藍采瑛","~","~",
"107000016","鬥魚","鬥魚","107000016.jpg
","鄭至文","~","~","X"
"004400001","脖子","脖子","10901.jpg
","藍采瑛","~","~",
"016300008","鼻子","鼻子","10901.jpg
","藍采瑛","~","~",
"0261","臏","臏(骨)","10901.jpg
","藍采瑛","~","~",
"0590","眉","眉","10901.jpg
","藍采瑛","~","~",
"075300022","面頰","面頰","10901.jpg
","藍采瑛","~","~",
"0998","腹","腹","10901.jpg
","藍采瑛","~","~",
"101500134","大腿","大腿","10901.jpg
","藍采瑛","~","~",
"124900004","肚臍","肚臍","10901.jpg
","藍采瑛","~","~",
"137600007","頭髮","頭髮","10901.jpg
","藍采瑛","~","~",
"137600024","頭蓋骨","頭蓋骨","10901.jpg
","藍采瑛","~","~",
"1555","臀","臀","10901.jpg
","藍采瑛","~","~",
"160800002","橈骨","橈骨","10901.jpg
","藍采瑛","~","~",
"175000001","肋骨","肋骨","10901.jpg
","藍采瑛","~","~",
"235700002","骨盆","骨盆","10901.jpg
","藍采瑛","~","~",
"244200013","關節","關節","10901.jpg
","藍采瑛","~","~",
"247700001","肱骨","肱骨","10901.jpg
","藍采瑛","~","~",
"2632","髖","髖(骨)","10901.jpg
","藍采瑛","~","~",
"306700003","脊椎","脊椎(骨)","10901.jpg
","藍采瑛","~","~",
"3215000051","腳跟","腳跟","10901.jpg
","藍采瑛","~","~",
"321500006","腳踝","腳踝","10901.jpg
","藍采瑛","~","~",
"3215000071","腳趾","腳趾","10901.jpg
","藍采瑛","~","~",
"325700001","肩膀","肩膀","10901.jpg
","藍采瑛","~","~",
"325700004","肩胛骨","肩胛骨","10901.jpg
","藍采瑛","~","~",
"339600001","脛骨","脛骨","10901.jpg
","藍采瑛","~","~",
"3850","膝","膝","10901.jpg
","藍采瑛","~","~",
"390700001","下巴","下巴","10901.jpg
","藍采瑛","~","~",
"390700079","下顎","下顎(骨)(1)","10901.jpg
","藍采瑛","~","~",
"3963000201","小腿","小腿","10901.jpg
","藍采瑛","~","~",
"4210","胸","胸","10901.jpg
","藍采瑛","~","~",
"464000000","恥骨","恥骨","10901.jpg
","藍采瑛","~","~",
"500400004","手臂","手臂","10901.jpg
","藍采瑛","~","~",
"500400036","手指","手指","10901.jpg
","藍采瑛","~","~",
"500400038","手肘","手肘","10901.jpg
","藍采瑛","~","~",
"500400039","手掌","手掌","10901.jpg
","藍采瑛","~","~",
"500400054","手腕","手腕","10901.jpg
","藍采瑛","~","~",
"520100022","人體","人體A","10901.jpg
","藍采瑛","20綜合主題圖","~",
"538800007","坐骨","坐骨","10901.jpg
","藍采瑛","~","~",
"5396","嘴","嘴","10901.jpg
","藍采瑛","~","~",
"566900003","鎖骨","鎖骨","10901.jpg
","藍采瑛","~","~",
"5728","額","額","10901.jpg
","藍采瑛","~","~",
"582900007","耳朵","耳朵","10901.jpg
","藍采瑛","~","~",
"5999","腰","腰","10901.jpg
","藍采瑛","~","~",
"6101","眼","眼B","10901.jpg
","藍采瑛","~","~",
"6323000041","尾椎","尾椎","10901.jpg
","藍采瑛","~","~",
"638100003","腕骨","腕骨","10901.jpg
","藍采瑛","~","~",
"038800001","膀胱","膀胱A","10902.jpg
","藍采瑛","~","~",
"038800001","膀胱","膀胱B","10902.jpg
","藍采瑛","~","~",
"0432","脾","脾","10902.jpg
","藍采瑛","~","~",
"066800005","盲腸","盲腸","10902.jpg
","藍采瑛","~","~",
"0841","肺","肺","10902.jpg
","藍采瑛","~","~",
"101500141","大腦","大腦","10902.jpg
","藍采瑛","~","~",
"101500386","大腸","大腸","10902.jpg
","藍采瑛","~","~",
"1086","膽","膽","10902.jpg
","藍采瑛","~","~",
"167000006","尿道","尿道","10902.jpg
","藍采瑛","~","~",
"181700001","闌尾","闌尾","10902.jpg
","藍采瑛","~","~",
"214100002","卵巢","卵巢","10902.jpg
","藍采瑛","~","~",
"224400001","睪丸","睪丸","10902.jpg
","藍采瑛","~","~",
"2275","肝","肝","10902.jpg
","藍采瑛","~","~",
"2739","喉","喉","10902.jpg
","藍采瑛","~","~",
"3155000211","結腸","結腸","10902.jpg
","藍采瑛","~","~",
"357600019","氣管","氣管","10902.jpg
","藍采瑛","~","~",
"396300021","小腦","小腦","10902.jpg
","藍采瑛","~","~",
"396300059","小腸","小腸","10902.jpg
","藍采瑛","~","~",
"4042","心","心","10902.jpg
","藍采瑛","~","~",
"423200026","直腸","直腸","10902.jpg
","藍采瑛","~","~",
"489800014","十二指腸","十二指腸","10902.jpg
","藍采瑛","~","~",
"490200004","食道","食道","10902.jpg
","藍采瑛","~","~",
"497900000","攝護腺","攝護腺","10902.jpg
","藍采瑛","~","~",
"5068","腎","腎","10902.jpg
","藍采瑛","~","~",
"508600054","生殖器官","生殖器官","10902.jpg
","藍采瑛","~","~",
"511500000","輸卵管","輸卵管","10902.jpg
","藍采瑛","~","~",
"5115000011","輸精管","輸精管","10902.jpg
","藍采瑛","~","~",
"520100022","人體","人體B","10902.jpg
","藍采瑛","20綜合主題圖","~",
"528900006","子宮","子宮","10902.jpg
","藍采瑛","~","~",
"5289000061","子宮頸","子宮頸","10902.jpg
","藍采瑛","~","~",
"5856","胰","胰","10902.jpg
","藍采瑛","~","~",
"6088000021","延腦","延腦","10902.jpg
","藍采瑛","~","~",
"613700007","陰道","陰道","10902.jpg
","藍采瑛","~","~",
"613700010","陰囊","陰囊","10902.jpg
","藍采瑛","~","~",
"613700019","陰莖","陰莖","10902.jpg
","藍采瑛","~","~",
"6345","胃","胃","10902.jpg
","藍采瑛","~","~",
"1516","兔","兔","1516.jpg
","鄭至文","~","~","X"
"152900001","鴕鳥","鴕鳥","152900001.jpg
","鄭至文","~","~","X"
"163200012","泥鰍","泥鰍","163200012.jpg
","黃兆鎮","~","~","X"
"186500001","犛牛","犛牛","186500001.jpg
","黃兆鎮","~","~","X"
"193800001","獵豹","獵豹","193800001.jpg
","鄭至文","~","~","X"
"1971","柳","柳(水柳)","1971.jpg
","黃兆鎮","~","~","X"
"1985","蓮","蓮(睡蓮)","1985.jpg
","黃兆鎮","15植物","花卉","X"
"0061000321","百褶裙","百褶裙","201.jpg
","藍采瑛","03服飾","服裝",
"008000011","背心","背心A","20101.jpg
","藍采瑛","03服飾","服裝",
"008000011","背心","背心B","201011.jpg
","藍采瑛","03服飾","服裝",
"053400014","馬褂","馬褂","201012.jpg
","藍采瑛","03服飾","服裝",
"074100011","棉襖","棉襖","20102.jpg
","藍采瑛","03服飾","服裝",
"101500455","大衣","大衣","20103.jpg
","藍采瑛","03服飾","服裝",
"137200008","套裝","套裝","201031.jpg
","藍采瑛","03服飾","服裝",
"267700005","和服","和服","20105.jpg
","藍采瑛","03服飾","服裝",
"312200006","夾克","夾克","201051.jpg
","藍采瑛","03服飾","服裝",
"355000001","旗袍","旗袍","20106.jpg
","藍采瑛","03服飾","服裝",
"381900013","西裝","西裝","201061.jpg
","藍采瑛","03服飾","服裝",
"475700002","長袍","長袍","20107.jpg
","藍采瑛","03服飾","服裝",
"612200006","燕尾服","燕尾服","20108.jpg
","藍采瑛","03服飾","服裝",
"616800009","洋裝","洋裝","20109.jpg
","藍采瑛","03服飾","服裝",
"660700003","泳衣","泳衣","20110.jpg
","藍采瑛","03服飾","服裝",
"116700004","碟影機","碟影機","20201.jpg
","藍采瑛","17日用品","電器用品",
"120900103","電唱機","電唱機","20202.jpg
","藍采瑛","17日用品","電器用品",
"120900109","電視機","電視機","20203.jpg
","藍采瑛","17日用品","電器用品",
"120900116","電扇","電扇","202031.jpg
","藍采瑛","17日用品","電器用品",
"185000032","冷氣機","冷氣機","202032.jpg
","藍采瑛","17日用品","電器用品",
"1965000261","留聲機","留聲機","20204.jpg
","藍采瑛","17日用品","電器用品",
"209900001","錄放影機","錄放影機","20205.jpg
","藍采瑛","17日用品","電器用品",
"252100104","開飲機","開飲機","20206.jpg
","藍采瑛","17日用品","電器用品",
"382100007","吸塵器","吸塵器","20207.jpg
","藍采瑛","17日用品","電器用品",
"387300017","洗衣機","洗衣機","20208.jpg
","藍采瑛","17日用品","電器用品",
"469300001","抽風機","抽風機","20209.jpg
","藍采瑛","17日用品","電器用品",
"483600003","吹風機","吹風機","20210.jpg
","藍采瑛","17日用品","電器用品",
"497900007","攝影機","攝影機A","20211.jpg
","藍采瑛","17日用品","電器用品",
"497900007","攝影機","攝影機B","202111.jpg
","藍采瑛","17日用品","電器用品",
"5002000141","收錄音機","收錄音機","202112.jpg
","藍采瑛","17日用品","電器用品",
"567500021","隨身聽","隨身聽","20212.jpg
","藍采瑛","17日用品","電器用品",
"659100001","熨斗","熨斗","20213.jpg
","藍采瑛","17日用品","電器用品",
"0049","薄","薄、厚","20301.jpg
","藍采瑛","04對比形容詞","~",
"0393","胖","胖、瘦","20302.jpg
","藍采瑛","04對比形容詞","~",
"0649","滿","滿、空","20303.jpg
","藍采瑛","04對比形容詞","~",
"0652","慢","慢、快","20304.jpg
","藍采瑛","04對比形容詞","~",
"0712","密","密、疏","20305.jpg
","藍采瑛","04對比形容詞","~",
"0774","明","明、暗","20306.jpg
","藍采瑛","04對比形容詞","~",
"0862","反","反","20307.jpg
","藍采瑛",,"~",
"1015","大","大、小","20308.jpg
","藍采瑛","04對比形容詞","~",
"1090","淡","淡、濃","20309.jpg
","藍采瑛","04對比形容詞","~",
"1255","多","多、少","20310.jpg
","藍采瑛","04對比形容詞","~",
"1281","短","短、長","20311.jpg
","藍采瑛","04對比形容詞","~",
"1503","凸","凸、凹","20312.jpg
","藍采瑛","04對比形容詞","~",
"1726","濃","濃","20313.jpg
","藍采瑛","~","~",
"1792","老","老、少","20314.jpg
","藍采瑛","04對比形容詞","~",
"1850","冷","冷、熱","20315.jpg
","藍采瑛","04對比形容詞","~",
"2240","高","高(2)B、矮","20316.jpg
","藍采瑛","04對比形容詞","~",
"2598","快","快","20317.jpg
","藍采瑛","~","~",
"2631","寬","寬(1)、窄","20318.jpg
","藍采瑛","04對比形容詞","~",
"2661","空","空","20319.jpg
","藍采瑛","~","~",
"2727","好","好、壞","20320.jpg
","藍采瑛","04對比形容詞","~",
"2745","厚","厚","20321.jpg
","藍采瑛","~","~",
"2883","壞","壞","20322.jpg
","藍采瑛","~","~",
"3246","舊","舊、新","20323.jpg
","藍采瑛","04對比形容詞","~",
"3336","緊","緊、鬆","20324.jpg
","藍采瑛","04對比形容詞","~",
"3675","淺","淺、深","20325.jpg
","藍采瑛","04對比形容詞","~",
"3734","輕","輕、重","20326.jpg
","藍采瑛","04對比形容詞","~",
"3737","晴","晴、陰","20327.jpg
","藍采瑛","04對比形容詞","~",
"3885","細","細、粗","20328.jpg
","藍采瑛","04對比形容詞","~",
"3963","小","小","20329.jpg
","藍采瑛","~","~",
"4049","新","新","20330.jpg
","藍采瑛","~","~",
"4346","窄","窄","20331.jpg
","藍采瑛","~","~",
"4485","正","正、反","20332.jpg
","藍采瑛","04對比形容詞","~",
"4617","重","重","20333.jpg
","藍采瑛","~","~",
"4757","長","長(1)1","20334.jpg
","藍采瑛","~","~",
"4994","少","少","20335.jpg
","藍采瑛","~","~",
"4995","少","少","20336.jpg
","藍采瑛","~","~",
"5053","深","深","20338.jpg
","藍采瑛","~","~",
"5110","疏","疏","20339.jpg
","藍采瑛","~","~",
"5184","熱","熱","20340.jpg
","藍采瑛","~","~",
"5256","軟","軟、硬","20341.jpg
","藍采瑛","04對比形容詞","~",
"5491","粗","粗","20342.jpg
","藍采瑛","~","~",
"5699","鬆","鬆","20343.jpg
","藍采瑛","~","~",
"5758","矮","矮","20344.jpg
","藍采瑛","~","~",
"5770","凹","凹","20345.jpg
","藍采瑛","~","~",
"5818","暗","暗","20346.jpg
","藍采瑛","~","~",
"6137","陰","陰","20347.jpg
","藍采瑛","~","~",
"6219","硬","硬","20348.jpg
","藍采瑛","~","~",
"0105","鉋","鉋(1)","20401.jpg
","藍采瑛","11工具","~",
"011200007","扳手","扳手","20402.jpg
","藍采瑛","11工具","~",
"0971","斧","斧","20403.jpg
","藍采瑛","11工具","~",
"101400101","打氣筒","打氣筒","20404.jpg
","藍采瑛","11工具","~",
"120900089","電鋸","電鋸","20405.jpg
","藍采瑛","11工具","~",
"120900137","電鑽","電鑽","20406.jpg
","藍采瑛","11工具","~",
"122100003","釘錘","釘錘","204061.jpg
","藍采瑛","11工具","~",
"122100004","釘子","釘子","20407.jpg
","藍采瑛","11工具","~",
"1433","梯","梯","20408.jpg
","藍采瑛","11工具","~",
"144500001","剃刀","剃刀","20409.jpg
","藍采瑛","11工具","~",
"1662","鑷","鑷","20411.jpg
","藍采瑛","11工具","~",
"1792000741","老虎鉗","老虎鉗","204111.jpg
","藍采瑛","11工具","~",
"199100001","鐮刀","鐮刀A","20412.jpg
","藍采瑛","11工具","~",
"199100001","鐮刀","鐮刀B","204121.jpg
","藍采瑛","11工具","~",
"211200011","螺絲起子","螺絲起子","20413.jpg
","藍采瑛","11工具","~",
"211400001","羅盤","羅盤","20414.jpg
","藍采瑛","11工具","~",
"2250","鎬","鎬","20415.jpg
","藍采瑛","11工具","~",
"3278000021","剪刀","剪刀","20416.jpg
","藍采瑛","11工具","~",
"345400006","鋸子","鋸子","20417.jpg
","藍采瑛","11工具","~",
"3608","鍬","鍬","20418.jpg
","藍采瑛","11工具","~",
"3648000091","千斤頂","千斤頂","20419.jpg
","藍采瑛","11工具","~",
"3670","鉗","鉗","20420.jpg
","藍采瑛","11工具","~",
"4565","錐","錐","20421.jpg
","藍采瑛","11工具","~",
"472600002","鏟子","鏟子","20422.jpg
","藍采瑛","11工具","~",
"481100001","鋤頭","鋤頭","204221.jpg
","藍采瑛","11工具","~",
"533100003","鑿子","鑿子","20423.jpg
","藍采瑛","11工具","~",
"655600006","圓規","圓規","20424.jpg
","藍采瑛","11工具","~",
"000400005","巴士","巴士","20501.jpg
","藍采瑛","12交通工具","~",
"035300012","跑車","跑車","20502.jpg
","藍采瑛","12交通工具","~",
"053400024","馬車","馬車","20503.jpg
","藍采瑛","12交通工具","~",
"054600003","摩托車","摩托車A","205041.jpg
","藍采瑛","12交通工具","~",
"054600003","摩托車","摩托車B","20504.jpg
","藍采瑛","12交通工具","~",
"082400014","飛機","飛機","20505.jpg
","藍采瑛","12交通工具","~",
"085300004","帆船","帆船","20506.jpg
","藍采瑛","12交通工具","~",
"120900100","電車","電車","20507.jpg
","藍采瑛","12交通工具","~",
"125200001","渡輪","渡輪","20508.jpg
","藍采瑛","12交通工具","~",
"175300011","垃圾車","垃圾車","20509.jpg
","藍采瑛","12交通工具","~",
"199400029","聯結車","聯結車","205091.jpg
","藍采瑛","12交通工具","~",
"217600011","旅行車","旅行車","205092.jpg
","藍采瑛","12交通工具","~",
"247200039","公共汽車","公共汽車","20510.jpg
","藍采瑛","12交通工具","~",
"249000007","卡車","卡車","205101.jpg
","藍采瑛","12交通工具","~",
"251500006","客輪","客輪","205102.jpg
","藍采瑛","12交通工具","~",
"2515000081","客貨兩用車","客貨兩用車","20511.jpg
","藍采瑛","12交通工具","~",
"286100033","火車","火車A","20512.jpg
","藍采瑛","12交通工具","~",
"286100033","火車","火車B","205121.jpg
","藍采瑛","12交通工具","~",
"286700010","貨車","貨車","20513.jpg
","藍采瑛","12交通工具","~",
"304100001","吉普車","吉普車","20514.jpg
","藍采瑛","12交通工具","~",
"308600010","計程車","計程車","20515.jpg
","藍采瑛","12交通工具","~",
"321500003","腳踏車","腳踏車","20516.jpg
","藍采瑛","12交通工具","~",
"325100007","救護車","救護車","20517.jpg
","藍采瑛","12交通工具","~",
"339100016","警車","警車","20518.jpg
","藍采瑛","12交通工具","~",
"3576000061","氣墊船","氣墊船","20519.jpg
","藍采瑛","12交通工具","~",
"3918000071","協力車","協力車","20520.jpg
","藍采瑛","12交通工具","~",
"394800009","消防車","消防車","20521.jpg","藍采瑛","12交通工具","~",
"423200030","直升機","直升機","20522.jpg
","藍采瑛","12交通工具","~",
"476900001","敞篷車","敞篷車","20523.jpg
","藍采瑛","12交通工具","~",
"604000004","遊艇","遊艇","20524.jpg
","藍采瑛","12交通工具","~",
"009600027","保險桿","保險桿","20525.jpg
","藍采瑛","~","~",
"0892000071","方向盤","方向盤","20525.jpg
","藍采瑛","~","~",
"0892000072","方向燈","方向燈","20525.jpg
","藍采瑛","~","~",
"110700003","擋風玻璃","擋風玻璃","20525.jpg
","藍采瑛","~","~",
"215200007","輪胎","輪胎","20525.jpg
","藍采瑛","~","~",
"274600029","後視鏡","後視鏡","20525.jpg
","藍采瑛","~","~",
"274600036","後座","後座","20525.jpg
","藍采瑛","~","~",
"357500004","汽車","汽車","20525.jpg
","藍采瑛","12交通工具","~",
"6468000121","雨刷","雨刷","20525.jpg
","藍采瑛","~","~",
"010200007","寶塔","寶塔","20601.jpg
","藍采瑛","13建築","~",
"048900012","平房","平房A","20602.jpg
","藍采瑛","13建築","~",
"048900012","平房","平房B","206021.jpg
","藍采瑛","13建築","~",
"067800008","蒙古包","蒙古包","20603.jpg
","藍采瑛","13建築","~",
"111600003","燈塔","燈塔","20604.jpg
","藍采瑛","13建築","~",
"248200002","拱橋","拱橋","20606.jpg
","藍采瑛","13建築","~",
"322500004","教堂","教堂","20607.jpg
","藍采瑛","13建築","~",
"3727000431","清真寺","清真寺","20609.jpg
","藍采瑛","13建築","~",
"2061","菱","菱(刺果野菱)","2061.jpg
","黃兆鎮","~","~","X"
"460900006","鐘樓","鐘樓","20610.jpg
","藍采瑛","13建築","~",
"478300001","城堡","城堡","20611.jpg
","藍采瑛","13建築","~",
"478300004","城樓","城樓","20612.jpg
","藍采瑛","13建築","~",
"101500041","大炮","大炮","20701.jpg
","藍采瑛","22武器","~",
"139600006","坦克車","坦克車","20702.jpg
","藍采瑛","22武器","~",
"302000013","機關槍","機關槍","20704.jpg
","藍采瑛","22武器","~",
"367200011","潛水艇","潛水艇","20705.jpg
","藍采瑛","22武器","~",
"419000015","巡洋艦","巡洋艦","20706.jpg
","藍采瑛","22武器","~",
"441100006","戰鬥機","戰鬥機","20707.jpg
","藍采瑛","22武器","~",
"500400018","手榴彈","手榴彈","20708.jpg
","藍采瑛","22武器","~",
"065000002","曼陀林","曼陀林","20800.jpg
","藍采瑛","21音樂","西洋樂器",
"091300033","風琴","風琴","20801.jpg
","藍采瑛","21音樂","西洋樂器",
"101500124","大提琴","大提琴","20802.jpg
","藍采瑛","21音樂","西洋樂器",
"101500150","大喇叭","大喇叭","20803.jpg
","藍采瑛","21音樂","西洋樂器",
"101500195","大鼓","大鼓(2)","20804.jpg
","藍采瑛","21音樂","西洋樂器",
"120900078","電吉他","電吉他","20805.jpg
","藍采瑛","21音樂","西洋樂器",
"120900128","電子琴","電子琴","20806.jpg
","藍采瑛","21音樂","西洋樂器",
"145800059","鐵琴","鐵琴A","20807.jpg
","藍采瑛","21音樂","西洋樂器",
"145800059","鐵琴","鐵琴B","20808.jpg
","藍采瑛","21音樂","西洋樂器",
"205500002","鈴鼓","鈴鼓","20809.jpg
","藍采瑛","21音樂","西洋樂器",
"230900012","鋼琴","鋼琴","20810.jpg
","藍采瑛","21音樂","西洋樂器",
"254200024","口琴","口琴","20813.jpg
","藍采瑛","21音樂","西洋樂器",
"304100002","吉他","吉他","20815.jpg
","藍采瑛","21音樂","西洋樂器",
"3506000151","軍號","軍號","20816.jpg
","藍采瑛","21音樂","西洋樂器",
"396300019","小提琴","小提琴","20817.jpg
","藍采瑛","21音樂","西洋樂器",
"3963000301","小號","小號","20818.jpg
","藍采瑛","21音樂","西洋樂器",
"475700011","長笛","長笛","20819.jpg
","藍采瑛","21音樂","西洋樂器",
"514400003","豎琴","豎琴","20820.jpg
","藍采瑛","21音樂","西洋樂器",
"558900001","薩克斯風","薩克斯風","20821.jpg
","藍采瑛","21音樂","西洋樂器",
"0014","鈸","鈸","20822.jpg
","藍采瑛","21音樂","中國樂器",
"042700002","琵琶","琵琶","20824.jpg
","藍采瑛","21音樂","中國樂器",
"101500195","大鼓","大鼓","20825.jpg
","藍采瑛","21音樂","中國樂器",
"1133","笛","笛","20826.jpg
","藍采瑛","21音樂","中國樂器",
"131000008","洞簫","洞簫","20827.jpg
","藍采瑛","21音樂","中國樂器",
"161900025","南胡","南胡","20830.jpg
","藍采瑛","21音樂","中國樂器",
"2121","鑼","鑼","20831.jpg
","藍采瑛","21音樂","中國樂器",
"234800022","古箏","古箏","20832.jpg
","藍采瑛","21音樂","中國樂器",
"2445","管","管","20833.jpg
","藍采瑛","21音樂","中國樂器",
"266300001","箜篌","箜篌","20834.jpg
","藍采瑛","21音樂","中國樂器",
"3745","磬","磬","20836.jpg
","藍采瑛","21音樂","中國樂器",
"5088","笙","笙","20840.jpg
","藍采瑛","21音樂","中國樂器",
"566700001","嗩吶","嗩吶","20841.jpg
","藍采瑛","21音樂","中國樂器",
"6430","竽","竽","20842.jpg
","藍采瑛","21音樂","中國樂器",
"009600013","保齡球","保齡球","20901.jpg
","劉正修","23運動","運動項目",
"015100002","棒球","棒球","20902.jpg
","劉正修","23運動","運動項目",
"022200017","標槍","標槍","20903.jpg
","劉正修","23運動","運動項目",
"032100021","排球","排球","20904.jpg
","劉正修","23運動","運動項目",
"0489000291","平衡木","平衡木","20905.jpg
","劉正修","23運動","運動項目",
"053400027","馬術","馬術","20906.jpg
","劉正修","23運動","運動項目",
"0602000261","美式足球","美式足球","20907.jpg
","劉正修","23運動","運動項目",
"107700017","單槓","單槓","20908.jpg
","劉正修","23運動","運動項目",
"114700003","地板操","地板操","20909.jpg
","劉正修","23運動","運動項目",
"1187000041","吊環","吊環","20910.jpg
","劉正修","23運動","運動項目",
"134500002","跆拳道","跆拳道","20911.jpg
","劉正修","23運動","運動項目",
"145800005","鐵餅","鐵餅","20912.jpg
","劉正修","23運動","運動項目",
"147300004","跳馬","跳馬","20913.jpg
","劉正修","23運動","運動項目",
"147300013","跳高","跳高","20914.jpg
","劉正修","23運動","運動項目",
"147300022","跳箱","跳箱","20915.jpg
","劉正修","23運動","運動項目",
"147300027","跳水","跳水","20916.jpg
","劉正修","23運動","運動項目",
"147300034","跳遠","跳遠","20917.jpg
","劉正修","23運動","運動項目",
"177900001","壘球","壘球","20918.jpg
","劉正修","23運動","運動項目",
"182500004","籃球","籃球","20919.jpg
","劉正修","23運動","運動項目",
"196100001","溜冰","溜冰","20920.jpg
","劉正修","23運動","運動項目",
"2003000011","鏈球","鏈球","20921.jpg
","劉正修","23運動","運動項目",
"2240000151","高低槓","高低槓","20922.jpg
","劉正修","23運動","運動項目",
"2240000851","高爾夫","高爾夫","20923.jpg
","劉正修","23運動","運動項目",
"228800002","橄欖球","橄欖球","20924.jpg
","劉正修","23運動","運動項目",
"2593000021","跨欄","跨欄","20925.jpg
","劉正修","23運動","運動項目",
"266100034","空手道","空手道","20926.jpg
","劉正修","23運動","運動項目",
"2679000181","合氣道","合氣道","20927.jpg
","劉正修","23運動","運動項目",
"285000001","滑冰","滑冰","20928.jpg
","劉正修","23運動","運動項目",
"285000009","滑雪","滑雪","20929.jpg
","劉正修","23運動","運動項目",
"285000011","滑水","滑水","20930.jpg
","劉正修","23運動","運動項目",
"285000012","滑草","滑草","20931.jpg
","劉正修","23運動","運動項目",
"306300010","擊劍","擊劍","20932.jpg
","劉正修","23運動","運動項目",
"320600003","角力","角力","209321.jpg
","劉正修","23運動","運動項目",
"329400003","健美","健美","20933.jpg
","劉正修","23運動","運動項目",
"331400002","劍道","劍道","20934.jpg
","劉正修","23運動","運動項目",
"343800016","舉重","舉重","20935.jpg
","劉正修","23運動","運動項目",
"361800004","巧固球","巧固球","20936.jpg
","劉正修","23運動","運動項目",
"365500003","鉛球","鉛球","20937.jpg
","劉正修","23運動","運動項目",
"374700001","曲棍球","曲棍球","20938.jpg
","劉正修","23運動","運動項目",
"379700003","拳擊","拳擊","20939.jpg
","劉正修","23運動","運動項目",
"4152000101","雪車","雪車","20941.jpg
","劉正修","23運動","運動項目",
"454400004","桌球","桌球","20942.jpg
","劉正修","23運動","運動項目",
"459800004","撞球","撞球","20943.jpg
","劉正修","23運動","運動項目",
"477900002","撐竿跳","撐竿跳","20944.jpg
","劉正修","23運動","運動項目",
"497400002","射擊","射擊(2)","20945.jpg
","劉正修","23運動","運動項目",
"4974000021","射箭","射箭","20946.jpg
","劉正修","23運動","運動項目",
"500400029","手球","手球","20947.jpg
","劉正修","23運動","運動項目",
"516300060","水球","水球","20949.jpg
","劉正修","23運動","運動項目",
"517800009","雙槓","雙槓","20950.jpg
","劉正修","23運動","運動項目",
"519100003","柔道","柔道","20951.jpg
","劉正修","23運動","運動項目",
"5300001381","自由車","自由車","20952.jpg
","劉正修","23運動","運動項目",
"537400005","足球","足球","20953.jpg
","劉正修","23運動","運動項目",
"560200001","賽跑","賽跑","20954.jpg
","劉正修","23運動","運動項目",
"580900001","鞍馬","鞍馬","20955.jpg
","劉正修","23運動","運動項目",
"603900012","游泳","游泳","20956.jpg
","劉正修","23運動","運動項目",
"640900004","網球","網球","20957.jpg
","劉正修","23運動","運動項目",
"646700007","羽球","羽球","20958.jpg
","劉正修","23運動","運動項目",
"6592000021","韻律體操","韻律體操","20959.jpg
","劉正修","23運動","運動項目",
"199500005","臉譜","臉譜","21001.jpg
","藍采瑛","02民俗","~",
"210600001","鷺鷥","鷺鷥","210600001.jpg
","黃兆鎮","~","~","X"
"2135","欒","欒(臺灣欒樹)","2135.jpg
","黃兆鎮","~","~","X"
"221400002","蛤蚧","蛤蚧(大守宮)","221400002.jpg
","鄭至文","~","~","X"
"2321000011","耕田","耕田","297000010.jpg
","黃兆鎮","~","~","X"
"2721000092","豪豬","豪豬","2721000092.jpg
","鄭至文","05動物","動物","X"
"2740","猴","猴(馬來猴)","2740.jpg
","鄭至文","05動物","動物","X"
"4715","蟬","蟬(熊蟬)","2758000101.jpg
","黃兆鎮","05動物","昆蟲","X"
"2826","鵠","鵠","2826.jpg
","黃兆鎮","05動物","動物","X"
"000100008","八卦","八卦","301.gif
","彭微微","02民俗","~",
"0029","缽","缽","302.gif","彭微微","09古器物","~",
"005800001","簸箕","簸箕","303.gif","彭微微","11工具","~",
"006900005","杯筊","杯筊","304.gif","彭微微","02民俗","~",
"009000001","孢子","孢子","305.gif
","彭微微","15植物","花卉",
"011900003","板車","板車","306.gif
","彭微微","12交通工具","~",
"306200001","鶺鴒","鶺鴒","306200001.jpg
","鄭至文","05動物","動物","X"
"013500001","畚箕","畚箕","307.gif
","彭微微","11工具","~",
"014000003","幫浦","幫浦","308.gif
","彭微微","11工具","~",
"016800004","筆鋒","筆鋒","30801.gif
","徐如虹","16書法","~",
"3089000061","寄居蟹","寄居蟹","3089000061.jpg
","鄭至文","~","~","X"
"016400001","匕首","匕首","309.gif
","彭微微","22武器","~",
"0174","篦","篦","310.gif
","彭微微","03服飾","飾品配件",
"0209","璧","璧","31001.gif
","彭微微","09古器物","~",
"3104","鯽","鯽","3104.jpg
","鄭至文","~","~","X"
"020700005","避雷針","避雷針","311.gif
","彭微微","13建築","~",
"021400010","別針","別針(1)","31101.gif
","彭微微","03服飾","飾品配件",
"021400010","別針","別針(2)","31102.gif
","彭微微","03服飾","飾品配件",
"0236","籩","籩","312.gif
","彭微微","11工具","~",
"023700006","扁鑽","扁鑽","31201.gif
","自製","22武器","~",
"0244","弁","弁","313.gif
","彭微微","03服飾","飾品配件",
"026200001","鬢腳","鬢腳","31301.gif
","彭微微","18人體部位圖","~",
"026600005","兵符","兵符","314.gif
","彭微微","09古器物","~",
"028500049","不倒翁","不倒翁","315.gif
","彭微微","07童玩","~",
"0300","耙","耙","316.gif
","彭微微","11工具","~",
"031900001","拍板","拍板","317.gif
","呂盈達","21音樂","中國樂器",
"032300002","牌樓","牌樓","318.gif
","呂盈達","13建築","牌樓",
"0339","帔","帔","319.gif
","呂盈達","03服飾","飾品配件",
"319000001","茭白","茭白","319000001.jpg
","黃兆鎮","~","~","X"
"0343","轡","轡","320.gif
","彭微微","11工具","~",
"040200001","棚架","棚架","321.gif
","彭微微","13建築","~",
"0454","撇","撇","32101.gif
","徐如虹","16書法","~",
"047000008","偏鋒","偏鋒","32102.gif
","徐如虹","16書法","~",
"0476","片","片(4)","322.gif
","彭微微","08概念圖","~",
"049600002","屏風","屏風","323.gif
","呂盈達","13建築","~",
"0515","蹼","蹼","32301.gif
","彭微微","05動物","動物",
"053400000","馬表","馬表","32302.gif
","彭微微","23運動","運動器材",
"0534000071","馬蹄鐵","馬蹄鐵","32303.gif
","彭微微","11工具","~",
"053400008","馬桶","馬桶","32304.gif
","彭微微","17日用品","日用品",
"053400023","馬靴","馬靴","32305.gif
","彭微微","03服飾","飾品配件",
"053400030","馬鞍","馬鞍","324.gif
","呂盈達","11工具","~",
"053400031","馬尾","馬尾","32401.gif
","彭微微","03服飾","飾品配件",
"057600002","墨斗","墨斗","325.gif
","呂盈達","11工具","~",
"3253","鷲","鷲(大冠鷲)","3253.jpg
","黃兆鎮","~","~","X"
"058400003","麥克風","麥克風","326.gif
","彭微微","17日用品","電器用品",
"061200001","毛筆","毛筆","327.gif
","呂盈達","16書法","~",
"0615","矛","矛","328.gif
","呂盈達","22武器","~",
"0618","錨","錨","329.gif
","呂盈達","12交通工具","~",
"062200001","鉚釘","鉚釘","330.gif
","呂盈達","11工具","~",
"066000029","門神","門神","33001.gif
","自製","13建築","~",
"0667","芒","芒","331.gif
","彭微微","15植物","花卉",
"0749","冕","冕","332.gif
","彭微微","03服飾","飾品配件",
"075300023","面具","面具","333.gif
","呂盈達","03服飾","飾品配件",
"079000006","木馬","木馬","334.gif
","呂盈達","07童玩","~",
"079000019","木屐","木屐","335.gif
","呂盈達","03服飾","飾品配件",
"079000031","木魚","木魚","336.gif
","彭微微","02民俗","~",
"081200001","砝碼","砝碼","33601.gif
","彭微微","11工具","~",
"081300007","髮夾","髮夾","33602.gif
","藍采瑛","03服飾","飾品配件",
"082400002","飛盤","飛盤","33603.gif
","藍采瑛","23運動","運動器材",
"0862000370","反氣旋","反氣旋","33605.gif
","徐如虹","06天文氣象","~",
"0913000151","風浪板","風浪板","337.gif
","彭微微","23運動","運動器材",
"091300040","風箏","風箏","338.gif
","呂盈達","07童玩","~",
"091300041","風車","風車(2)","339.gif
","呂盈達","07童玩","~",
"091300041","風車","風車(1)","340.gif
","呂盈達","19綜合","~",
"092300004","縫紉機","縫紉機","341.gif
","呂盈達","11工具","~",
"0929000031","鳳冠","鳳冠","34101.gif
","彭微微","03服飾","飾品配件",
"092900004","鳳凰","鳳凰","342.gif
","彭微微","02民俗","~",
"0966","輻","輻","34201.gif
","呂盈達","12交通工具","~",
"101500084","大刀","大刀","34202.gif
","彭微微","22武器","~",
"101500188","大哥大","大哥大","343.gif
","彭微微","17日用品","日用品",
"1059","纛","纛","344.gif
","自製","09古器物","~",
"106200003","斗笠","斗笠","345.gif
","彭微微","03服飾","飾品配件",
"106200004","斗栱","斗栱","346.gif
","彭微微","13建築","~",
"108200009","擔架","擔架","347.gif
","彭微微","11工具","~",
"108400001","撢子","撢子","348.gif
","彭微微","11工具","~",
"109700004","彈弓","彈弓","349.gif
","彭微微","~","~",
"111600004","燈籠","燈籠","351.gif
","彭微微","02民俗","~",
"111800001","戥子","戥子","352.gif
","彭微微","11工具","~",
"1125","鐙","鐙","353.gif
","彭微微","11工具","~",
"1164","堞","堞","354.gif
","彭微微","13建築","~",
"1200","點","點","35401.gif
","徐如虹","16書法","~",
"120900012","電燈泡","電燈泡","355.gif
","彭微微","17日用品","電器用品",
"1225","鼎","鼎","356.gif
","呂盈達","09古器物","~",
"123600007","獨木舟","獨木舟","357.gif
","彭微微","12交通工具","~",
"124900003","肚兜","肚兜","358.gif
","彭微微","03服飾","飾品配件",
"1259","鐸","鐸","359.gif
","彭微微","21音樂","中國樂器",
"1278000321","對角線","對角線","35901.gif
","徐如虹","14學術","~",
"129800001","盾牌","盾牌","360.gif
","彭微微","22武器","~",
"1325000010","拓本","拓本","36001.gif
","自製","16書法","~",
"1348000271","臺灣精品","臺灣精品","36002.gif
","自製","19綜合","~",
"137500001","骰子","骰子","36003.gif
","彭微微","11工具","~",
"138500001","罈子","罈子","361.gif
","彭微微","11工具","~",
"141000005","糖葫蘆","糖葫蘆","362.gif
","彭微微","07童玩","~",
"1434","堤","堤","36201.gif
","彭微微","13建築","~",
"1441","蹄","蹄","363.gif
","彭微微","05動物","動物",
"363000001","蚯蚓","蚯蚓","363000001.jpg
","黃兆鎮","~","~","X"
"1469","挑","挑","36301.gif
","徐如虹","16書法","~",
"363600001","犰狳","犰狳","363600001.jpg
","鄭至文","~","~","X"
"147300019","跳加官","跳加官","364.gif
","彭微微","02民俗","~",
"147300028","跳蚤","跳蚤","365.gif
","呂盈達","05動物","昆蟲",
"147500004","天平","天平","366.gif
","彭微微","~","~",
"147500076","天井","天井","36601.gif
","彭微微","13建築","~",
"148800013","聽診器","聽診器","367.gif
","彭微微","11工具","~",
"152500001","陀螺","陀螺","368.gif
","彭微微","07童玩","~",
"153800008","推土機","推土機","369.gif
","藍采瑛","11工具","~",
"1592","捺","捺","36901.gif
","徐如虹","16書法","~",
"1615","耨","耨","370.gif
","呂盈達","11工具","~",
"167900023","年輪","年輪","37002.gif
","彭微微","15植物","植物",
"1713","弩","弩","371.gif
","自製","22武器","~",
"1736000151","拉鍊","拉鍊","37101.gif
","藍采瑛","03服飾","飾品配件",
"1771","罍","罍","372.gif
","呂盈達","09古器物","~",
"1773","耒","耒","37201.gif
","自製","09古器物","~",
"372600011","青竹絲","青竹絲","372600011.jpg
","黃兆鎮","~","~","X"
"372600026","青蛙","青蛙","372600026.jpg
","黃兆鎮","~","~","X"
"178400001","類比","類比","373.gif
","自製","14學術","~",
"181200001","漏斗","漏斗","374.gif
","呂盈達","11工具","~",
"1839","廊","廊","37401.gif
","彭微微","13建築","~",
"1858","犁","犁","375.gif
","自製","11工具","~",
"1864","籬","籬","37501.gif
","藍采瑛","13建築","~",
"1905","鬲","鬲","376.gif
","呂盈達","09古器物","~",
"196100002","溜冰鞋","溜冰鞋A","37601.gif
","彭微微","23運動","運動器材",
"196100002","溜冰鞋","溜冰鞋B","37602.gif
","彭微微","23運動","運動器材",
"1962000651","流蘇","流蘇","37603.gif
","藍采瑛","03服飾","飾品配件",
"198100020","連環套","連環套","377.gif
","彭微微","07童玩","~",
"3779","雀","雀","3779.jpg
","鄭至文","~","~","X"
"200300001","鏈條","鏈條","379.gif
","呂盈達","11工具","~",
"209400001","轆轤","轆轤(1)","380.gif
","呂盈達","11工具","~",
"209400001","轆轤","轆轤(2)","38101.gif
","彭微微","11工具","~",
"2112","螺","螺","38101.gif
","彭微微","05動物","動物",
"215200002","輪盤","輪盤(2)","38104.gif
","彭微微","07童玩","~",
"215200002","輪盤","輪盤(1)","38105.gif
","彭微微","11工具","~",
"2156","龍","龍","382.gif
","呂盈達","02民俗","~",
"2156000021","龍袍","龍袍","383.gif
","藍采瑛","03服飾","飾品配件",
"2195","戈","戈","384.gif
","呂盈達","22武器","~",
"2356","股","股","38402.gif
","徐如虹","14學術","~",
"2364","轂","轂","385.gif
","呂盈達","12交通工具","~",
"237700000","瓜皮帽","瓜皮帽","38501.gif
","藍采瑛","03服飾","飾品配件",
"238300001","蝸牛","蝸牛","386.gif
","彭微微","05動物","動物",
"239500039","國徽","國徽","387.gif
","呂盈達","19綜合","~",
"2409","圭","圭","38701.gif
","彭微微","09古器物","~",
"2470","弓","弓","388.gif
","呂盈達","22武器","~",
"2480","觥","觥","389.gif
","呂盈達","09古器物","~",
"249800001","蝌蚪","蝌蚪","390.gif
","彭微微","~","~",
"252700001","鎧甲","鎧甲","39001.gif
","呂盈達","03服飾","飾品配件",
"2540","靠","靠(6)","39002.gif
","彭微微","03服飾","飾品配件",
"254200025","口腔","口腔","39003.gif
","彭微微","18人體部位圖","~",
"464200003","齒齦","齒齦A","39003.gif
","彭微微","~","~",
"4965","舌","舌","39003.gif
","彭微微","~","~",
"5256000111","軟顎","軟顎","39003.gif
","彭微微","~","~",
"539600005","嘴脣","嘴脣","39003.gif
","彭微微","~","~",
"595000004","牙齒","牙齒A","39003.gif
","彭微微","~","~",
"621900019","硬顎","硬顎","39003.gif
","彭微微","~","~",
"2544000091","扣子","扣子","39004.gif
","藍采瑛","03服飾","飾品配件",
"259600010","擴音器","擴音器","391.gif
","彭微微","17日用品","電器用品",
"260000002","塊根","塊根","39101.gif
","彭微微","15植物","植物",
"260000003","塊莖","塊莖","39102.gif
","彭微微","15植物","植物",
"260800001","盔甲","盔甲","392.gif
","呂盈達","03服飾","飾品配件",
"266500004","恐龍","恐龍","393.gif
","呂盈達","05動物","動物",
"2686","核","核","39300.gif
","彭微微","15植物","植物",
"2798","橫","橫(6)","39302.gif
","徐如虹","16書法","~",
"2821","鬍","鬍","39303.gif
","彭微微","18人體部位圖","~",
"2839","笏","笏","394.gif
","彭微微","09古器物","~",
"2843","花","花","395.gif
","彭微微","15植物","花卉",
"284300002","花苞","花苞","395.gif
","彭微微","~","~",
"284300003","花瓣","花瓣","395.gif
","彭微微","~","~",
"2843000161","花托","花托","395.gif
","彭微微","~","~",
"2843000521","花蕊","花蕊","395.gif
","彭微微","~","~",
"2843000560","花萼","花萼","395.gif
","彭微微","~","~",
"4212000161","雄蕊","雄蕊","395.gif
","彭微微","~","~",
"542400003","雌蕊","雌蕊","395.gif
","彭微微","~","~",
"284300006","花盆","花盆","396.gif
","彭微微","17日用品","日用品",
"284300007","花瓶","花瓶","397.gif
","彭微微","17日用品","日用品",
"2850000041","滑輪","滑輪","39701.gif
","藍采瑛","11工具","~",
"289700009","迴紋針","迴紋針","398.gif
","彭微微","17日用品","文具用品",
"2932","鬟","鬟","399.gif
","彭微微","03服飾","飾品配件",
"297000001","黃包車","黃包車","400.gif
","彭微微","12交通工具","~",
"3011","笄","笄","40001.gif
","彭微微","03服飾","飾品配件",
"3030000091","雞冠","雞冠","40002.gif
","藍采瑛","05動物","動物",
"3068","戟","戟","401.gif
","彭微微","22武器","~",
"3099","髻","髻","402.gif
","彭微微","03服飾","飾品配件",
"320600008","角尺","角尺","40201.gif
","徐如虹","11工具","~",
"3228","轎","轎","403.gif
","彭微微","12交通工具","~",
"3244","臼","臼","404.gif
","呂盈達","11工具","~",
"329500001","毽子","毽子","405.gif
","呂盈達","07童玩","~",
"3313","箭","箭","40501.gif
","呂盈達","22武器","~",
"3314","劍","劍","406.gif
","呂盈達","22武器","~",
"332200044","金字塔","金字塔","40601.gif
","藍采瑛","13建築","~",
"355200001","麒麟","麒麟","407.gif
","呂盈達","02民俗","~",
"3576000341","氣旋","氣旋","40701.gif
","徐如虹","06天文氣象","~",
"3623","鞘","鞘","408.gif
","呂盈達","22武器","~",
"408900002","猩猩","猩猩","408900002.jpg
","鄭至文","05動物","動物","X"
"364200001","毬果","毬果","409.gif
","藍采瑛","15植物","花卉",
"390700079","下顎","下顎(2)","40901.gif
","彭微微","18人體部位圖","~",
"392300000","斜邊","斜邊","40902.gif
","徐如虹","14學術","~",
"394800010","消防栓","消防栓","411.gif
","呂盈達","17日用品","日用品",
"401900001","銑床","銑床","412.gif
","呂盈達","11工具","~",
"4037000061","線裝書","線裝書","41201.gif
","徐如虹","17日用品","文具用品",
"405500002","信封","信封A","413.gif
","徐如虹","17日用品","文具用品",
"405500002","信封","信封B","41301.gif
","徐如虹","17日用品","文具用品",
"408300004","象形文字","象形文字","414.gif
","徐如虹","14學術","~",
"415200008","雪橇","雪橇(1)","415.gif
","呂盈達","12交通工具","~",
"4225","卮","卮","416.gif
","呂盈達","09古器物","~",
"422700001","蜘蛛","蜘蛛A","417.gif
","呂盈達","~","~",
"436200016","照相機","照相機","418.gif
","彭微微","17日用品","日用品",
"448000004","蒸籠","蒸籠","419.gif
","彭微微","01烹飪","~",
"450900001","竹筏","竹筏","41901.gif
","呂盈達","12交通工具","~",
"450900011","竹蜻蜓","竹蜻蜓","420.gif
","彭微微","07童玩","~",
"460100006","中鋒","中鋒","42001.gif
","彭微微","16書法","~",
"460100020","中國結","中國結","421.gif
","彭微微","02民俗","~",
"4609","鐘","鐘(1)","422.gif
","呂盈達","09古器物","~",
"467000003","扯鈴","扯鈴","423.gif
","彭微微","07童玩","~",
"4678","釵","釵","424.gif
","彭微微","03服飾","飾品配件",
"4814","杵","杵","425.gif
","呂盈達","11工具","~",
"4842","錘","錘","42501.gif
","彭微微","11工具","~",
"4896","蝨","蝨","426.gif
","呂盈達","05動物","動物",
"494700011","沙漏","沙漏","427.gif
","彭微微","11工具","~",
"514300010","數位","數位","430.gif
","呂盈達","14學術","~",
"5144","豎","豎","43001.gif
","徐如虹","16書法","~",
"5170","閂","閂","43002.gif
","呂盈達","13建築","~",
"518100034","日蝕","日蝕A","431.gif
","呂盈達","06天文氣象","~",
"518100034","日蝕","日蝕B","43101.gif
","呂盈達","06天文氣象","~",
"520100069","人中","人中","432.gif
","彭微微","18人體部位圖","~",
"5337","灶","灶","433.gif
","彭微微","13建築","~",
"5350","簪","簪","434.gif
","彭微微","03服飾","飾品配件",
"5377","鏃","鏃","435.gif
","呂盈達","22武器","~",
"5405","尊","尊","436.gif
","呂盈達","09古器物","~",
"542000001","粽子","粽子","437.gif
","呂盈達","01烹飪","~",
"5473","蠶","蠶B","438.gif
","呂盈達","05動物","動物",
"556600016","四合院","四合院","43801.gif
","曾惠美","13建築","~",
"5578","耜","耜","43802.gif
","曾惠美","11工具","~",
"562200017","三輪車","三輪車","439.gif
","呂盈達","12交通工具","~",
"562200020","三合院","三合院","43901.gif
","曾惠美","13建築","~",
"5625","傘","傘","440.gif
","呂盈達","17日用品","日用品",
"5660","梭","梭","441.gif
","曾惠美","11工具","~",
"568800001","算盤","算盤","442.gif
","彭微微","17日用品","文具用品",
"5695","榫","榫","443.gif
","呂盈達","13建築","~",
"5778","螯","螯","444.gif
","呂盈達","05動物","動物",
"0124000111","半規管","半規管","445.gif
","自製","~","~",
"160400060","內耳","內耳","445.gif
","自製","~","~",
"236000001","鼓膜","鼓膜","445.gif
","自製","~","~",
"460100064","中耳","中耳","445.gif
","自製","~","~",
"5829","耳","耳","445.gif
","自製","18人體部位圖","~",
"5829000132","耳蝸","耳蝸","445.gif
","自製","~","~",
"6298000171","外聽道","外聽道","445.gif
","自製","~","~",
"6298000772","外耳","外耳","445.gif
","自製","~","~",
"445000001","蟑螂","蟑螂","445000001.jpg
","鄭至文","~","~","X"
"582900016","耳機","耳機","446.gif
","呂盈達","17日用品","日用品",
"5869","彝","彝","447.gif
","呂盈達","09古器物","~",
"594700002","鴨舌帽","鴨舌帽","448.gif
","彭微微","03服飾","飾品配件",
"081400002","琺瑯質","琺瑯質","44801.gif
","彭微微","~","~",
"4642000011","齒根","齒根","44801.gif
","彭微微","~","~",
"464200003","齒齦","齒齦B","44801.gif
","彭微微","~","~",
"595000004","牙齒","牙齒B","44801.gif
","彭微微","18人體部位圖","~",
"066000032","門牙","門牙","44802.gif
","徐如虹","~","~",
"324400001","臼齒","臼齒","44802.gif
","徐如虹","~","~",
"3803000001","犬齒","犬齒","44802.gif
","徐如虹","~","~",
"595000004","牙齒","牙齒C","44802.gif
","徐如虹","18人體部位圖","~",
"6048","卣","卣","449.gif
","呂盈達","09古器物","~",
"607700002","菸斗","菸斗","44901.gif
","彭微微","17日用品","日用品",
"059000003","眉毛","眉毛","44902.gif","彭微微","~","~",
"157200001","瞳孔","瞳孔","449.gif
","彭微微","~","~",
"299200000","虹膜","虹膜","450.gif
","彭微微","~","~",
"316400001","睫毛","睫毛","44902.gif","彭微微",,"~",
"6101","眼","眼A","451.gif
","彭微微","18人體部位圖","~",
"610100025","眼球","眼球","44902.gif","彭微微",,"~",
"611700001","硯臺","硯臺","450.gif
","彭微微","16書法","~",
"619700002","鸚鵡螺","鸚鵡螺","451.gif
","彭微微","05動物","動物",
"4518","麈","麈(四不像)",,"鄭至文","~","~","X"
"622700010","烏紗帽","烏紗帽","452.gif
","彭微微","03服飾","飾品配件",
"6243000031","五度制調值標記法","五度制調值標記法","45201.gif
","徐如虹","14學術","~",
"624300016","五線譜","五線譜","453.gif
","徐如虹","21音樂","音樂",
"625400016","舞獅","舞獅","454.gif
","彭微微","02民俗","~",
"627600002","蛙鏡","蛙鏡","455.gif
","呂盈達","23運動","運動器材",
"6281","襪","襪","45501.gif
","彭微微","03服飾","飾品配件",
"631200014","圍裙","圍裙","456.gif
","彭微微","03服飾","飾品配件",
"638400004","溫度計","溫度計","457.gif
","呂盈達","17日用品","日用品",
"641700012","望遠鏡","望遠鏡","458.gif
","藍采瑛","17日用品","日用品",
"6422","甕","甕","459.gif
","呂盈達","11工具","~",
"654000001","元寶","元寶","45901.gif
","藍采瑛","09古器物","~",
"0060000400","白熊","白熊","501021.jpg
","鄭至文","05動物","動物","X"
"0108","豹","豹","501022.jpg
","鄭至文","05動物","動物","X"
"011400006","斑馬","斑馬","501023.jpg
","鄭至文","05動物","動物","X"
"052900006","麻雀","麻雀","50105.jpg
","鄭至文","05動物","動物","X"
"0594000031","梅花鹿","梅花鹿","501061.jpg
","鄭至文","05動物","動物","X"
"0611","貓","貓","50107.jpg
","洪存","05動物","動物",
"061100001","貓頭鷹","貓頭鷹","501071.jpg
","鄭至文","05動物","動物","X"
"0672","蟒","蟒","50109.jpg
","鄭至文","05動物","動物","X"
"083800001","狒狒","狒狒","501111.jpg
","鄭至文","05動物","動物","X"
"0967","鳧","鳧","50112.jpg
","鄭至文","05動物","動物","X"
"1348000251","臺灣黑熊","臺灣黑熊","50113.jpg
","鄭至文","05動物","動物","X"
"144200001","鵜鶘","鵜鶘","50115.jpg
","鄭至文","05動物","動物","X"
"147500145","天鵝","天鵝","50117.jpg
","鄭至文","05動物","動物","X"
"150200004","禿鷲","禿鷲","50118.jpg
","鄭至文","~","~","X"
"151300001","土撥鼠","土撥鼠","50119.jpg
","鄭至文","05動物","動物","X"
"194000001","鬣狗","鬣狗","501241.jpg
","鄭至文","05動物","動物","X"
"205000001","羚羊","羚羊","501242.jpg
","鄭至文","05動物","動物","X"
"2091","鹿","鹿","501243.jpg
","鄭至文","05動物","動物","X"
"213000001","駱駝","駱駝","50126.jpg
","洪存","05動物","動物",
"2172","驢","驢","50127.jpg
","鄭至文","05動物","動物","X"
"2203","鴿","鴿","50128.jpg
","林郁靜","05動物","動物","X"
"2259","狗","狗","50129.jpg
","洪存","05動物","動物",
"2418","龜","龜","501291.jpg
","鄭至文","05動物","動物","X"
"266400004","孔雀","孔雀","50130.jpg
","鄭至文","05動物","動物","X"
"268300004","河馬","河馬","50131.jpg
","鄭至文","05動物","動物","X"
"2704","鶴","鶴","50132.jpg
","曾榮汾","05動物","動物","X"
"271100019","海豚","海豚B","501323.jpg
","鄭至文","05動物","動物",
"2711000461","海獅","海獅","501328.jpg
","鄭至文","05動物","動物","X"
"271700007","黑面琵鷺","黑面琵鷺","50133.jpg
","洪存","05動物","動物",
"2717000180","黑猩猩","黑猩猩","501330.jpg
","鄭至文","05動物","動物","X"
"2809","狐","狐","501331.jpg
","鄭至文","05動物","動物","X"
"2828","虎","虎","501332.jpg
","鄭至文","05動物","動物","X"
"285700006","畫眉","畫眉","50134.jpg
","鄭至文","05動物","動物","X"
"2924","獾","獾","501351.jpg
","鄭至文","05動物","動物","X"
"3030","雞","雞","501352.jpg
","鄭至文","05動物","動物","X"
"332200054","金魚","金魚","501371.jpg
","洪存","05動物","動物",
"357400005","企鵝","企鵝","50138.jpg
","鄭至文","05動物","動物","X"
"3704","羌","羌","50139.jpg
","洪存","05動物","動物",
"383200001","蜥蜴","蜥蜴","50141.jpg
","鄭至文","05動物","動物","X"
"3841","犀","犀","50142.jpg
","鄭至文","05動物","動物","X"
"3916","蠍","蠍","50144.jpg
","鄭至文","05動物","動物","X"
"4083","象","象","501451.jpg
","鄭至文","05動物","動物","X"
"422700001","蜘蛛","蜘蛛B","501462.jpg
","鄭至文","05動物","動物",
"4287","雉","雉","50147.jpg
","鄭至文","05動物","動物","X"
"4504","豬","豬","50148.jpg
","林郁靜","05動物","動物","X"
"471800001","蟾蜍","蟾蜍","50151.jpg
","鄭至文","05動物","動物","X"
"475700027","長頸鹿","長頸鹿","501511.jpg
","鄭至文","05動物","動物","X"
"490200012","食蟻獸","食蟻獸","501514.jpg
","洪存","05動物","動物",
"501500055","山羊","山羊","50152.jpg
","洪存","05動物","動物",
"516300022","水獺","水獺","50153.jpg
","鄭至文","05動物","動物","X"
"516300031","水牛","水牛","501531.jpg
","林郁靜","05動物","動物","X"
"527000001","蠑螈","蠑螈","50154.jpg
","洪存","05動物","動物",
"569700007","松鼠","松鼠","501551.jpg
","鄭至文","05動物","動物","X"
"5746","鱷","鱷","50157.jpg
","鄭至文","05動物","動物","X"
"5947","鴨","鴨","50158.jpg
","林郁靜","05動物","動物","X"
"6118","雁","雁","501592.jpg
","鄭至文","05動物","動物","X"
"619700001","鸚鵡","鸚鵡","50161.jpg
","鄭至文","05動物","動物","X"
"622700012","烏鴉","烏鴉","50162.jpg
","陳逸玫","05動物","動物","X"
"6241001611","無尾熊","無尾熊","501631.jpg
","龔漢芹","05動物","動物","X"
"6276","蛙","蛙","501632.jpg
","鄭至文","05動物","動物","X"
"637100001","浣熊","浣熊","501633.jpg
","鄭至文","05動物","動物","X"
"061200016","毛蟲","毛蟲","50203.jpg
","曾榮汾","05動物","昆蟲","X"
"092900002","鳳蝶","鳳蝶","502041.jpg
","陳維壽","05動物","昆蟲",
"141600002","螳螂","螳螂","50206.jpg
","鄭至文","05動物","昆蟲","X"
"147500034","天牛","天牛","50207.jpg
","鄭至文","05動物","昆蟲","X"
"281700001","蝴蝶","蝴蝶","50208.jpg
","曾榮汾","05動物","昆蟲","X"
"372900001","蜻蜓","蜻蜓","50210.jpg
","楊平世","05動物","昆蟲",
"383900001","蟋蟀","蟋蟀","50211.jpg
","楊平世","05動物","昆蟲",
"460700001","螽斯","螽斯","502111.jpg
","陳維壽","05動物","昆蟲",
"4715","蟬","蟬","50212.jpg
","曾榮汾","05動物","昆蟲","X"
"5473","蠶","蠶A","502121.jpg
","陳維壽","05動物","昆蟲",
"548400011","蒼蠅","蒼蠅","50213.jpg
","陳建志","05動物","昆蟲",
"620600004","螢火蟲","螢火蟲","50215.jpg
","陳維壽","05動物","昆蟲",
"0061000241","百合花","百合花","50301.jpg
","財團法人臺灣區花卉發展協會","15植物","花卉","X"
"056200002","茉莉花","茉莉花","50302.jpg
","吳維土","15植物","花卉",
"0588000011","玫瑰花","玫瑰花","50303.jpg
","財團法人臺灣區花卉發展協會","15植物","花卉","X"
"059400003","梅花","梅花","50304.jpg
","吳維土","15植物","花卉",
"064900014","滿天星","滿天星","50305.jpg
","吳維土","15植物","花卉",
"0787000011","牡丹花","牡丹花","50306.jpg
","劉智妙","15植物","花卉",
"0790000071","木棉花","木棉花","503061.jpg
","吳維土","15植物","花卉",
"0817000062","非洲菫","非洲菫","50307.jpg
","財團法人臺灣區花卉發展協會","15植物","花卉","X"
"093900009","扶桑","扶桑","503071.jpg
","財團法人臺灣區花卉發展協會","15植物","花卉","X"
"094000001","芙蓉","芙蓉","50308.jpg
","財團法人臺灣區花卉發展協會","15植物","花卉","X"
"124800004","杜鵑花","杜鵑花","50309.jpg
","財團法人臺灣區花卉發展協會","15植物","花卉","X"
"136300005","桃花","桃花","50310.jpg
","吳維土","15植物","花卉",
"139400001","曇花","曇花","50311.jpg
","曾榮汾","15植物","花卉",
"140700004","唐菖蒲","唐菖蒲","50312.jpg
","財團法人臺灣區花卉發展協會","15植物","花卉","X"
"147500028","天堂鳥","天堂鳥","50313.jpg
","財團法人臺灣區花卉發展協會","15植物","花卉","X"
"182200001","蘭花","蘭花","50315.jpg
","財團法人臺灣區花卉發展協會","15植物","花卉","X"
"2156000121","龍吐珠","龍吐珠","503151.jpg
","曾榮汾","15植物","花卉","X"
"242600003","桂花","桂花","50316.jpg
","財團法人臺灣區花卉發展協會","15植物","花卉","X"
"2568000011","康乃馨","康乃馨","503161.jpg
","財團法人臺灣區花卉發展協會","15植物","花卉","X"
"268400004","荷花","荷花","50317.jpg
","吳維土","15植物","花卉",
"2817000011","蝴蝶蘭","蝴蝶蘭","503181.jpg
","財團法人臺灣區花卉發展協會","15植物","花卉","X"
"289600001","茴香","茴香","50319.jpg
","財團法人臺灣區花卉發展協會","15植物","花卉","X"
"315400001","桔梗","桔梗","50321.jpg
","財團法人臺灣區花卉發展協會","15植物","花卉","X"
"323800006","九重葛","九重葛","50322.jpg
","曾榮汾","15植物","花卉","X"
"3426000011","菊花","菊花","50323.jpg
","財團法人臺灣區花卉發展協會","15植物","花卉","X"
"363100006","秋海棠","秋海棠","503231.jpg
","吳維土","15植物","花卉",
"3653000021","牽牛花","牽牛花","503232.jpg
","財團法人臺灣區花卉發展協會","15植物","花卉","X"
"371700001","薔薇","薔薇","50324.jpg
","曾榮汾","15植物","花卉","X"
"399600008","仙人掌","仙人掌","50325.jpg
","財團法人臺灣區花卉發展協會","15植物","花卉","X"
"407900006","向日葵","向日葵","50326.jpg
","財團法人臺灣區花卉發展協會","15植物","花卉","X"
"4159","萱","萱","503261.jpg
","財團法人臺灣區花卉發展協會","15植物","花卉","X"
"480500002","雛菊","雛菊","503271.jpg
","財團法人臺灣區花卉發展協會","15植物","花卉","X"
"490000018","石斛蘭","石斛蘭","503272.jpg
","財團法人臺灣區花卉發展協會","15植物","花卉","X"
"5102000041","聖誕紅","聖誕紅","503274.jpg
","曾榮汾","15植物","花卉","X"
"516300066","水仙","水仙","50328.jpg
","吳維土","15植物","花卉",
"516700005","睡蓮","睡蓮","50329.jpg
","財團法人臺灣區花卉發展協會","15植物","花卉","X"
"619500003","櫻花","櫻花","503302.jpg
","財團法人臺灣區花卉發展協會","15植物","花卉","X"
"648000006","玉蘭花","玉蘭花","50331.jpg
","吳維土","15植物","花卉",
"002700001","菠菜","菠菜","50401.jpg
","吳昭其","15植物","蔬菜",
"006000058","白菜","白菜","504011.jpg
","吳昭其","15植物","蔬菜",
"0106000010","鮑魚菇","鮑魚菇","504012.jpg
","吳昭其","15植物","蔬菜",
"0237000022","扁蒲","扁蒲","504013.jpg
","吳昭其","15植物","蔬菜",
"053400011","馬鈴薯","馬鈴薯","50402.jpg
","曾榮汾","15植物","蔬菜","X"
"061200006","毛豆","毛豆","50403.jpg
","吳昭其","15植物","蔬菜",
"079000029","木耳","木耳","504031.jpg
","吳昭其","15植物","蔬菜",
"084700002","番茄","番茄A","50404.jpg
","吳維土","15植物","蔬菜",
"084700005","番薯","番薯","50405.jpg
","曾榮汾","15植物","蔬菜","X"
"101500447","大蒜","大蒜","50406.jpg
","曾榮汾","15植物","蔬菜","X"
"106600010","豆芽","豆芽(黃)A","504061.jpg
","吳昭其","15植物","蔬菜",
"106600010","豆芽","豆芽(綠)B","504062.jpg
","吳昭其","15植物","蔬菜",
"130200008","冬瓜","冬瓜","504063.jpg
","吳昭其","15植物","蔬菜",
"161900021","南瓜","南瓜","50407.jpg
","吳昭其","15植物","蔬菜",
"198500009","蓮藕","蓮藕","504081.jpg
","曾榮汾","15植物","蔬菜","X"
"207600002","蘆筍","蘆筍(白)","504091.jpg
","吳昭其","15植物","蔬菜",
"211800001","蘿蔔","蘿蔔","50410.jpg
","吳昭其","15植物","蔬菜",
"258400013","苦瓜","苦瓜","504111.jpg
","吳昭其","15植物","蔬菜",
"2661000251","空心菜","空心菜","504112.jpg
","吳昭其","15植物","蔬菜",
"281100007","胡蘿蔔","胡蘿蔔","50412.jpg
","吳昭其","15植物","蔬菜",
"2811000091","胡瓜","胡瓜","50413.jpg
","曾榮汾","15植物","蔬菜","X"
"3178000021","芥藍菜","芥藍菜","504141.jpg
","吳昭其","15植物","蔬菜",
"317800004","芥菜","芥菜","504142.jpg
","吳維土","15植物","蔬菜",
"324200001","韭黃","韭黃","504144.jpg
","吳昭其","15植物","蔬菜",
"324200002","韭菜","韭菜","504145.jpg
","吳昭其","15植物","蔬菜",
"335200001","豇豆","豇豆","504146.jpg
","曾榮汾","15植物","蔬菜","X"
"3358","薑","薑(嫩)A","50415.jpg
","曾榮汾","15植物","蔬菜","X"
"3358","薑","薑(老)B","504151.jpg
","曾榮汾","15植物","蔬菜","X"
"3693","芹","芹","50417.jpg
","吳昭其","15植物","蔬菜",
"3726000103","青江白菜","青江白菜","50419.jpg
","吳昭其","15植物","蔬菜",
"3963000002","小白菜","小白菜","50420.jpg
","吳昭其","15植物","蔬菜",
"4031","莧","莧","50421.jpg
","吳昭其","15植物","蔬菜",
"406100010","香菇","香菇","50422.jpg
","吳昭其","15植物","蔬菜",
"5457000021","菜豆","菜豆","50423.jpg
","曾榮汾","15植物","蔬菜","X"
"5465000121","草菇","草菇","50424.jpg
","吳昭其","15植物","蔬菜",
"5545","蔥","蔥","50425.jpg
","吳昭其","15植物","蔬菜",
"556000001","絲瓜","絲瓜","50426.jpg
","吳昭其","15植物","蔬菜",
"5693","筍","筍","50427.jpg
","吳昭其","15植物","蔬菜",
"616800004","洋菇","洋菇","50428.jpg
","吳昭其","15植物","蔬菜",
"616800011","洋蔥","洋蔥","50429.jpg
","吳昭其","15植物","蔬菜",
"628500001","萵苣","萵苣(普通)A","50430.jpg
","吳昭其","15植物","蔬菜",
"628500001","萵苣","萵苣(廣東)B","504301.jpg
","吳昭其","15植物","蔬菜",
"628500001","萵苣","萵苣(結球)C","504302.jpg
","吳昭其","15植物","蔬菜",
"635700001","豌豆","豌豆","50431.jpg
","曾榮汾","15植物","蔬菜","X"
"648000013","玉蜀黍","玉蜀黍(黃)A","50432.jpg
","曾榮汾","15植物","蔬菜","X"
"648000013","玉蜀黍","玉蜀黍(白)","504321.jpg
","吳昭其","15植物","蔬菜","X"
"648400001","芋頭","芋頭","50433.jpg
","曾榮汾","15植物","蔬菜","X"
"042300001","枇杷","枇杷","50501.jpg
","吳維土","15植物","水果",
"0499A0001","蘋果","蘋果","50502.jpg
","吳維土","15植物","水果",
"050900002","葡萄柚","葡萄柚","50503.jpg
","吳維土","15植物","水果",
"050900003","葡萄","葡萄","50504.jpg
","吳維土","15植物","水果",
"066700001","芒果","芒果","50505.jpg
","吳維土","15植物","水果",
"079000015","木瓜","木瓜","50506.jpg
","吳維土","15植物","水果",
"084700002","番茄","番茄B","505061.jpg
","吳維土","15植物","水果",
"084700003","番石榴","番石榴","50507.jpg
","吳維土","15植物","水果",
"092900003","鳳梨","鳳梨","50508.jpg
","吳維土","15植物","水果",
"1363","桃","桃","50509.jpg
","吳維土","15植物","水果",
"170100001","檸檬","檸檬","50510.jpg
","吳維土","15植物","水果",
"1857","梨","梨","50511.jpg
","吳維土","15植物","水果",
"1874","李","李","50512.jpg
","吳維土","15植物","水果",
"189100001","荔枝","荔枝","50513.jpg
","吳維土","15植物","水果",
"196600003","榴槤","榴槤","50514.jpg
","吳維土","15植物","水果",
"1971000031","柳橙","柳橙","50515.jpg
","吳維土","15植物","水果",
"198500010","蓮霧","蓮霧","50516.jpg
","吳維土","15植物","水果",
"215600035","龍眼","龍眼","505161.jpg
","吳維土","15植物","水果",
"227800012","甘蔗","甘蔗","50517.jpg
","吳維土","15植物","水果",
"266900001","哈密瓜","哈密瓜","50518.jpg
","吳維土","15植物","水果",
"3429","橘","橘","50519.jpg
","吳維土","15植物","水果",
"3553000201","奇異果","奇異果","50520.jpg
","吳維土","15植物","水果",
"381900008","西瓜","西瓜","50521.jpg
","吳維土","15植物","水果",
"406100011","香瓜","香瓜","50522.jpg
","吳維土","15植物","水果",
"406100016","香蕉","香蕉","50523.jpg
","吳維土","15植物","水果",
"492100001","柿子","柿子","50525.jpg
","吳維土","15植物","水果",
"4945000031","釋迦","釋迦","50526.jpg
","吳維土","15植物","水果",
"533400002","棗子","棗子","50527.jpg
","吳維土","15植物","水果",
"546500004","草莓","草莓","50528.jpg
","吳維土","15植物","水果",
"597300001","椰子","椰子","50529.jpg
","吳維土","15植物","水果",
"606100002","柚子","柚子","50530.jpg
","吳維土","15植物","水果",
"617400002","楊桃","楊桃","50531.jpg
","吳維土","15植物","水果",
"619500001","櫻桃","櫻桃","50532.jpg
","吳維土","15植物","水果",
"147700013","田野","田野","50604.jpg
","曾榮汾","19綜合","~","X"
"0012","拔","拔","60101.jpg
","劉正修","08概念圖","~",
"0031","剝","剝","60102.jpg
","劉正修","08概念圖","~",
"0033","撥","撥","60103.jpg
","劉正修","08概念圖","~",
"0063","擺","擺","60106.jpg
","劉正修","08概念圖","~",
"0074","背","背","60108.jpg
","劉正修","08概念圖","~",
"0089","包","包","60109.jpg
","劉正修","08概念圖","~",
"008900018","包裝","包裝","60110.jpg
","劉正修","08概念圖","~",
"0089000201","包紮","包紮","60111.jpg
","劉正修","08概念圖","~",
"0104","抱","抱","60112.jpg
","劉正修","08概念圖","~",
"0105","鉋","鉋(2)","60113.jpg
","劉正修","08概念圖","~",
"0111","爆","爆","60114.jpg
","劉正修","08概念圖","~",
"0127","絆","絆","60116.jpg
","劉正修","08概念圖","~",
"0233","編","編","60118.jpg
","劉正修","08概念圖","~",
"023300014","編織","編織","60119.jpg
","劉正修","08概念圖","~",
"0284","補","補","60121.jpg
","劉正修","08概念圖","~",
"0294","趴","趴","60122.jpg
","劉正修","08概念圖","~",
"0297","扒","扒","60123.jpg
","劉正修","08概念圖","~",
"0299","爬","爬","60124.jpg
","劉正修","08概念圖","~",
"0305","潑","潑","60125.jpg
","劉正修","08概念圖","~",
"0317","破","破","60126.jpg
","劉正修","08概念圖","~",
"0319","拍","拍","60127.jpg
","劉正修","08概念圖","~",
"0345","拋","拋","60129.jpg
","劉正修","08概念圖","~",
"0353","跑","跑","60130.jpg
","劉正修","08概念圖","~",
"0359","剖","剖","60131.jpg
","劉正修","08概念圖","~",
"0368000021","盤腿","盤腿","601311.jpg
","劉正修","08概念圖","~",
"0376","噴","噴","60132.jpg
","劉正修","08概念圖","~",
"0411","捧","捧","60133.jpg
","劉正修","08概念圖","~",
"0418","披","披","60135.jpg
","劉正修","08概念圖","~",
"0455","漂","漂","60137.jpg
","劉正修","08概念圖","~",
"0457","飄","飄","60138.jpg
","劉正修","08概念圖","~",
"0478","拼","拼","60139.jpg
","劉正修","08概念圖","~",
"0502","撲","撲","60141.jpg
","劉正修","08概念圖","~",
"053400002","馬步","馬步","601411.jpg
","劉正修","08概念圖","~",
"0543","摸","摸","60142.jpg
","劉正修","08概念圖","~",
"0547","磨","磨","60143.jpg
","劉正修","08概念圖","~",
"0582","買","買","60145.jpg
","劉正修","08概念圖","~",
"0585","賣","賣","60146.jpg
","劉正修","08概念圖","~",
"0824","飛","飛","60152.jpg
","劉正修","08概念圖","~",
"0851","翻","翻","60153.jpg
","劉正修","08概念圖","~",
"085100009","翻跟頭","翻跟頭","60154.jpg
","劉正修","08概念圖","~",
"0903","放","放","60156.jpg
","劉正修","08概念圖","~",
"0912","封","封","60157.jpg
","劉正修","08概念圖","~",
"0923","縫","縫","60158.jpg
","劉正修","08概念圖","~",
"0935","孵","孵","60159.jpg
","劉正修","08概念圖","~",
"0939","扶","扶","60160.jpg
","劉正修","08概念圖","~",
"094900003","伏地挺身","伏地挺身","60161.jpg
","劉正修","08概念圖","~",
"0954","浮","浮","60162.jpg
","劉正修","08概念圖","~",
"0979","俯","俯","60163.jpg
","劉正修","08概念圖","~",
"1014","打","打","60164.jpg
","劉正修","08概念圖","~",
"1042","戴","戴","60165.jpg
","劉正修","08概念圖","~",
"1048","搗","搗","60166.jpg
","劉正修","08概念圖","~",
"1053","倒","倒","60167.jpg
","劉正修","08概念圖","~",
"105300006","倒立","倒立","60168.jpg
","劉正修","08概念圖","~",
"1107","擋","擋","60170.jpg
","劉正修","08概念圖","~",
"1114","盪","盪","60171.jpg
","劉正修","08概念圖","~",
"1127","低","低","60174.jpg
","劉正修","08概念圖","~",
"1128","滴","滴","60175.jpg
","劉正修","08概念圖","~",
"1163","跌","跌","60176.jpg
","劉正修","08概念圖","~",
"117600004","凋謝","凋謝","60178.jpg
","劉正修","08概念圖","~",
"1187","吊","吊","60179.jpg
","劉正修","08概念圖","~",
"1188","掉","掉","60180.jpg
","劉正修","08概念圖","~",
"1189","釣","釣","60181.jpg
","劉正修","08概念圖","~",
"1217","叮","叮","60182.jpg
","劉正修","08概念圖","~",
"1230","釘","釘","60183.jpg
","劉正修","08概念圖","~",
"1264","剁","剁","60185.jpg
","劉正修","08概念圖","~",
"1266","跺","跺","60186.jpg
","劉正修","08概念圖","~",
"1273","堆","堆","60188.jpg
","劉正修","08概念圖","~",
"1280","端","端","60189.jpg
","劉正修","08概念圖","~",
"1285","斷","斷","60190.jpg
","劉正修","08概念圖","~",
"1289","蹲","蹲","60191.jpg
","劉正修","08概念圖","~",
"1342","抬","抬","60193.jpg
","劉正修","08概念圖","~",
"1357","掏","掏","60194.jpg
","劉正修","08概念圖","~",
"1372","套","套","60196.jpg
","劉正修","08概念圖","~",
"1374","投","投","60197.jpg
","劉正修","08概念圖","~",
"1381","攤","攤","60199.jpg
","劉正修","08概念圖","~",
"1390","彈","彈","60200.jpg
","劉正修","08概念圖","~",
"1421","躺","躺","60201.jpg
","劉正修","08概念圖","~",
"1432","踢","踢","60203.jpg
","劉正修","08概念圖","~",
"1435","提","提","60204.jpg
","劉正修","08概念圖","~",
"1445","剃","剃","60205.jpg
","劉正修","08概念圖","~",
"1473","跳","跳","60206.jpg
","劉正修","08概念圖","~",
"1480","填","填","60207.jpg
","劉正修","08概念圖","~",
"1483","舔","舔","60208.jpg
","劉正修","08概念圖","~",
"1514","吐","吐(ㄊㄨˇ)","60211.jpg
","劉正修","08概念圖","~",
"1515","吐","吐(ㄊㄨˋ)","60212.jpg
","劉正修","08概念圖","~",
"1521","拖","拖","60213.jpg
","劉正修","08概念圖","~",
"1522","脫","脫","60214.jpg
","劉正修","08概念圖","~",
"152800001","駝背","駝背","60215.jpg
","劉正修","08概念圖","~",
"1538","推","推","60216.jpg
","劉正修","08概念圖","~",
"1549","吞","吞","60217.jpg
","劉正修","08概念圖","~",
"1583","拿","拿","60218.jpg
","劉正修","08概念圖","~",
"1604","內","內","60219.jpg
","藍采瑛","08概念圖","~",
"1652","捏","捏","60220.jpg
","劉正修","08概念圖","~",
"166100001","躡手躡腳","躡手躡腳","60221.jpg
","劉正修","08概念圖","~",
"1675","扭","扭","60222.jpg
","劉正修","08概念圖","~",
"1680","拈","拈","60223.jpg
","劉正修","08概念圖","~",
"1682","黏","黏","60224.jpg
","劉正修","08概念圖","~",
"1685","捻","捻","60225.jpg
","劉正修","08概念圖","~",
"1689","輾","輾","60226.jpg
","劉正修","08概念圖","~",
"1704","擰","擰","60227.jpg
","劉正修","08概念圖","~",
"1714","怒","怒","60228.jpg
","劉正修","08概念圖","~",
"1736","拉","拉","60230.jpg
","劉正修","08概念圖","~",
"173600003","拉胚","拉胚","60231.jpg
","劉正修","08概念圖","~",
"1785","撈","撈","60234.jpg
","劉正修","08概念圖","~",
"1809","摟","摟","60236.jpg
","劉正修","08概念圖","~",
"1812","漏","漏","60237.jpg
","劉正修","08概念圖","~",
"200600008","淋浴","淋浴","60242.jpg
","劉正修","08概念圖","~",
"2032","量","量","60243.jpg
","劉正修","08概念圖","~",
"2128","落","落","60245.jpg
","劉正修","08概念圖","~",
"2202","割","割","60246.jpg
","劉正修","08概念圖","~",
"2235","蓋","蓋","60247.jpg
","劉正修","08概念圖","~",
"2240","高","高(2)A","60248.jpg
","劉正修","08概念圖","~",
"2290","擀","擀","60249.jpg
","劉正修","08概念圖","~",
"2379","刮","刮","60250.jpg
","劉正修","08概念圖","~",
"2387","掛","掛","60251.jpg
","劉正修","08概念圖","~",
"2396","摑","摑","60252.jpg
","劉正修","08概念圖","~",
"240400018","過濾","過濾","60253.jpg
","劉正修","08概念圖","~",
"2429","跪","跪","60254.jpg
","劉正修","08概念圖","~",
"2442","關","關","60255.jpg
","劉正修","08概念圖","~",
"2453","灌","灌","60256.jpg
","劉正修","08概念圖","~",
"2458","滾","滾","60257.jpg
","劉正修","08概念圖","~",
"248200005","拱手作揖","拱手作揖","60258.jpg
","劉正修","08概念圖","~",
"2521","開","開","60260.jpg
","劉正修","08概念圖","~",
"2537","烤","烤","60261.jpg
","劉正修","08概念圖","~",
"2540","靠","靠(1)","60262.jpg
","劉正修","08概念圖","~",
"2556","砍","砍","60263.jpg
","劉正修","08概念圖","~",
"2565","啃","啃","60264.jpg
","劉正修","08概念圖","~",
"2571","扛","扛","60265.jpg
","劉正修","08概念圖","~",
"2581","哭","哭","60266.jpg
","劉正修","08概念圖","~",
"2593","跨","跨","60267.jpg
","劉正修","08概念圖","~",
"2675","喝","喝","60270.jpg
","劉正修","08概念圖","~",
"271600001","害怕","害怕","60271.jpg
","劉正修","08概念圖","~",
"271600004","害羞","害羞","60272.jpg
","劉正修","08概念圖","~",
"2746","後","後","60273.jpg
","劉正修","08概念圖","~",
"2754","含","含","60274.jpg
","劉正修","08概念圖","~",
"2798","橫","橫(1)","60275.jpg
","自製","08概念圖","~",
"2846","划","划","60276.jpg
","劉正修","08概念圖","~",
"2850","滑","滑","60277.jpg
","劉正修","08概念圖","~",
"2857","畫","畫","60278.jpg
","劉正修","08概念圖","~",
"2888","揮","揮","60279.jpg
","劉正修","08概念圖","~",
"2930","還","還","60280.jpg
","劉正修","08概念圖","~",
"3063","擊","擊","60281.jpg
","劉正修","08概念圖","~",
"3074","擠","擠","60282.jpg
","劉正修","08概念圖","~",
"3122","夾","夾","60283.jpg
","劉正修","08概念圖","~",
"3145","接","接","60284.jpg
","劉正修","08概念圖","~",
"314500024","接枝","接枝","60285.jpg
","劉正修","08概念圖","~",
"3176","解","解","60286.jpg
","劉正修","08概念圖","~",
"3185","借","借","60287.jpg
","劉正修","08概念圖","~",
"319600001","焦點","焦點","60288.gif
","劉正修","08概念圖","~",
"319600007","焦距","焦距","60289.gif
","劉正修","08概念圖","~",
"320600004","角落","角落","60290.jpg
","劉正修","08概念圖","~",
"3212","絞","絞","60291.jpg
","劉正修","08概念圖","~",
"3221","攪","攪","60293.jpg
","劉正修","08概念圖","~",
"3234","揪","揪","60294.jpg
","劉正修","08概念圖","~",
"3255","尖","尖","60295.gif
","自製","08概念圖","~",
"3266","煎","煎","60296.jpg
","劉正修","08概念圖","~",
"3278","剪","剪","60298.jpg
","劉正修","08概念圖","~",
"3284","撿","撿","60299.jpg
","劉正修","08概念圖","~",
"3312","濺","濺","60300.jpg
","劉正修","08概念圖","~",
"3339","近","近","60301.jpg
","劉正修","08概念圖","~",
"3366","降","降","60303.jpg
","劉正修","08概念圖","~",
"342800001","鞠躬","鞠躬","60304.jpg
","劉正修","08概念圖","~",
"3438","舉","舉","60305.jpg
","劉正修","08概念圖","~",
"3454","鋸","鋸","60306.jpg
","劉正修","08概念圖","~",
"3483","攫","攫","60307.jpg
","劉正修","08概念圖","~",
"3494","捲","捲","60308.jpg
","劉正修","08概念圖","~",
"350900001","龜裂","龜裂","60309.jpg
","自製","08概念圖","~",
"3557","騎","騎","60310.jpg
","劉正修","08概念圖","~",
"3582","砌","砌","60311.jpg
","劉正修","08概念圖","~",
"3590","掐","掐","60312.jpg
","劉正修","08概念圖","~",
"3594","切","切","60313.jpg
","彭微微","08概念圖","~",
"3606","敲","敲","60314.jpg
","劉正修","08概念圖","~",
"3609","蹺","蹺","60315.jpg
","劉正修","08概念圖","~",
"3624","撬","撬","60316.jpg
","劉正修","08概念圖","~",
"3653","牽","牽","60318.jpg
","劉正修","08概念圖","~",
"3665","前","前","60319.jpg
","劉正修","08概念圖","~",
"3723","搶","搶","60320.jpg
","劉正修","08概念圖","~",
"373500005","傾倒","傾倒","60321.jpg
","劉正修","08概念圖","~",
"379800001","蜷伏","蜷伏","60322.jpg
","劉正修","08概念圖","~",
"3821","吸","吸","60323.jpg
","劉正修","08概念圖","~",
"3873","洗","洗","60324.jpg
","劉正修","08概念圖","~",
"3907","下","下","60325.jpg
","劉正修","08概念圖","~",
"3923","斜","斜","60326.jpg
","藍采瑛","08概念圖","~",
"3928","寫","寫","60327.jpg
","劉正修","08概念圖","~",
"3947","削","削","60329.jpg
","劉正修","08概念圖","~",
"3974","笑","笑","60330.jpg
","劉正修","08概念圖","~",
"3994","繡","繡","60331.jpg
","劉正修","08概念圖","~",
"4033","陷","陷","60332.jpg
","劉正修","08概念圖","~",
"416500003","旋轉","旋轉","60334.jpg
","劉正修","08概念圖","~",
"4246","擲","擲","60335.jpg
","劉正修","08概念圖","~",
"4256","指","指","60336.jpg
","劉正修","08概念圖","~",
"4320","遮","遮","60339.jpg
","劉正修","08概念圖","~",
"4322","折","折","60340.jpg
","劉正修","08概念圖","~",
"4326","摺","摺","60341.jpg
","劉正修","08概念圖","~",
"4342","摘","摘","60342.jpg
","劉正修","08概念圖","~",
"4350","招","招","60343.jpg
","劉正修","08概念圖","~",
"4357","找","找","60344.jpg
","劉正修","08概念圖","~",
"4362","照","照","60345.jpg
","劉正修","08概念圖","~",
"4365","罩","罩","60346.jpg
","劉正修","08概念圖","~",
"4387","皺","皺","60347.jpg
","劉正修","08概念圖","~",
"4406","站","站","60349.jpg
","劉正修","08概念圖","~",
"4520","煮","煮","60352.jpg
","劉正修","08概念圖","~",
"4541","抓","抓","60353.jpg
","劉正修","08概念圖","~",
"4543","捉","捉","60354.jpg
","劉正修","08概念圖","~",
"4567","追","追","60355.jpg
","劉正修","08概念圖","~",
"4570","墜","墜","60356.jpg
","劉正修","08概念圖","~",
"4576","轉","轉","60357.jpg
","劉正修","08概念圖","~",
"4598","撞","撞","60358.jpg
","劉正修","08概念圖","~",
"4601","中","中","60359.gif
","徐如虹","08概念圖","~",
"4618","種","種","60360.jpg
","劉正修","08概念圖","~",
"4620","吃","吃","60361.jpg
","劉正修","08概念圖","~",
"4656","插","插","60362.jpg
","劉正修","08概念圖","~",
"4693","抽","抽","60364.jpg
","劉正修","08概念圖","~",
"4710","摻","摻","60365.jpg
","劉正修","08概念圖","~",
"4726","鏟","鏟","60366.jpg
","劉正修","08概念圖","~",
"4735","沉","沉","60367.jpg
","劉正修","08概念圖","~",
"4801","出","出","60368.jpg
","劉正修","08概念圖","~",
"4829","戳","戳","60369.jpg
","劉正修","08概念圖","~",
"4836","吹","吹","60371.jpg
","劉正修","08概念圖","~",
"4839","捶","捶","60372.jpg
","劉正修","08概念圖","~",
"4847","穿","穿","60374.jpg
","劉正修","08概念圖","~",
"4853","喘","喘","60375.jpg
","劉正修","08概念圖","~",
"4854","串","串","60376.jpg
","劉正修","08概念圖","~",
"4875","沖","沖","60377.jpg
","劉正修","08概念圖","~",
"4974","射","射","60378.jpg
","劉正修","08概念圖","~",
"497400002","射擊","射擊(1)","60379.jpg
","劉正修","08概念圖","~",
"4980","篩","篩","60380.jpg
","劉正修","08概念圖","~",
"4982","晒","晒","60381.jpg
","劉正修","08概念圖","~",
"4989","燒","燒","60382.jpg
","劉正修","08概念圖","~",
"5002","收","收","60383.jpg
","劉正修","08概念圖","~",
"5025","搧","搧","60384.jpg
","劉正修","08概念圖","~",
"5029","閃","閃","60386.jpg
","劉正修","08概念圖","~",
"5047","伸","伸","60387.jpg
","劉正修","08概念圖","~",
"5080","上","上","60388.jpg
","劉正修","08概念圖","~",
"5083","升","升","60389.jpg
","劉正修","08概念圖","~",
"5109","梳","梳","60390.jpg
","劉正修","08概念圖","~",
"5146","刷","刷","60391.jpg
","劉正修","08概念圖","~",
"5158","摔","摔","60392.jpg
","劉正修","08概念圖","~",
"5159","甩","甩","60393.jpg
","劉正修","08概念圖","~",
"5167","睡","睡","60394.jpg
","劉正修","08概念圖","~",
"5190","繞","繞","60395.jpg
","劉正修","08概念圖","~",
"5192","揉","揉","60396.jpg
","劉正修","08概念圖","~",
"5238","入","入","60398.jpg
","劉正修","08概念圖","~",
"526200003","溶化","溶化","60400.jpg
","劉正修","08概念圖","~",
"5346","走","走","60403.jpg
","劉正修","08概念圖","~",
"5348","揍","揍","60404.jpg
","劉正修","08概念圖","~",
"5386","左","左","60405.jpg
","劉正修","08概念圖","~",
"5388","坐","坐","60406.jpg
","劉正修","08概念圖","~",
"5398","醉","醉","60407.jpg
","劉正修","08概念圖","~",
"5402","鑽","鑽","60408.jpg
","劉正修","08概念圖","~",
"5414","縱","縱","60409.jpg
","自製","08概念圖","~",
"5436","刺","刺","60410.jpg
","劉正修","08概念圖","~",
"5437","擦","擦","60411.jpg
","劉正修","08概念圖","~",
"5456","踩","踩","60412.jpg
","劉正修","08概念圖","~",
"5506","搓","搓","60413.jpg
","劉正修","08概念圖","~",
"5558","撕","撕","60414.jpg
","劉正修","08概念圖","~",
"5584","撒","撒","60415.jpg
","劉正修","08概念圖","~",
"5585","灑","灑","60416.jpg
","劉正修","08概念圖","~",
"5600","塞","塞","60417.jpg
","劉正修","08概念圖","~",
"5608","掃","掃","60419.jpg
","劉正修","08概念圖","~",
"5664","縮","縮","60421.jpg
","劉正修","08概念圖","~",
"5816","按","按","60425.jpg
","劉正修","08概念圖","~",
"5913","溢","溢","60426.jpg
","劉正修","08概念圖","~",
"6019","舀","舀","60429.jpg
","劉正修","08概念圖","~",
"6053","右","右","60430.jpg
","劉正修","08概念圖","~",
"6177","仰","仰","60431.jpg
","劉正修","08概念圖","~",
"6253","摀","摀","60433.jpg
","劉正修","08概念圖","~",
"6274","挖","挖","60434.jpg
","劉正修","08概念圖","~",
"6291","握","握","60435.jpg
","劉正修","08概念圖","~",
"6298","外","外","60436.jpg
","藍采瑛","08概念圖","~",
"6344","餵","餵","60437.jpg
","劉正修","08概念圖","~",
"6394","吻","吻","60439.jpg
","劉正修","08概念圖","~",
"6591","熨","熨","60440.jpg
","劉正修","08概念圖","~",
"6560","遠","遠","60441.jpg
","劉正修","08概念圖","~",
"623800001","鼯鼠","鼯鼠","623800001.jpg
","鄭至文","~","~","X"
"6389","蚊","蚊(大蚊)","6389.jpg
","黃兆鎮","~","~","X"
"6480000051","玉蘭","玉蘭","6480000051.jpg
","黃兆鎮","15植物","植物","X"
"652300010","月桂","月桂","652300010.jpg
","黃兆鎮11",,"~","X"
"653600001","鴛鴦","鴛鴦","653600001.jpg
","黃兆鎮222",,"~","X"
