id,title,ethnic,category
2337,土肉桂,21PAN 泛族群,B 民族動植物
2336,千年芋,21PAN 泛族群,B 民族動植物
2335,倒地鈴,21PAN 泛族群,B 民族動植物
2334,菝葜,21PAN 泛族群,B 民族動植物
2333,刺薯蕷,21PAN 泛族群,B 民族動植物
2332,小西氏石櫟,21PAN 泛族群,B 民族動植物
2331,紅檜,21PAN 泛族群,B 民族動植物
2330,台灣肖楠,21PAN 泛族群,B 民族動植物
2329,山菜豆,21PAN 泛族群,B 民族動植物
2328,台灣海棗,21PAN 泛族群,B 民族動植物
2327,狗骨仔,21PAN 泛族群,B 民族動植物
2326,聖誕紅,21PAN 泛族群,B 民族動植物
2325,甘蔗,21PAN 泛族群,B 民族動植物
2324,秀貴甘蔗,21PAN 泛族群,B 民族動植物
2323,莎勒竹,21PAN 泛族群,B 民族動植物
2322,玉蜀黍,21PAN 泛族群,B 民族動植物
2321,稷,21PAN 泛族群,B 民族動植物
2320,麻竹,21PAN 泛族群,B 民族動植物
2319,綠竹,21PAN 泛族群,B 民族動植物
2318,裂葉秋海棠,21PAN 泛族群,B 民族動植物
2317,三奈,21PAN 泛族群,B 民族動植物
2316,山露兜,21PAN 泛族群,B 民族動植物
2315,柚葉藤,21PAN 泛族群,B 民族動植物
2314,玉山箭竹,21PAN 泛族群,B 民族動植物
2313,台灣矢竹,21PAN 泛族群,B 民族動植物
2312,龍爪茅,21PAN 泛族群,B 民族動植物
2311,長枝竹,21PAN 泛族群,B 民族動植物
2310,香附子,21PAN 泛族群,B 民族動植物
2309,紅果薹,21PAN 泛族群,B 民族動植物
2308,印度鞭藤,21PAN 泛族群,B 民族動植物
2307,鴨跖草,21PAN 泛族群,B 民族動植物
2306,小花蔓澤蘭,21PAN 泛族群,B 民族動植物
2305,鱧腸,21PAN 泛族群,B 民族動植物
2304,大花咸豐草,1A 阿美族Amis,B 民族動植物
2303,台灣土黨參,21PAN 泛族群,B 民族動植物
2302,呂宋莢蒾,21PAN 泛族群,B 民族動植物
2301,旋莢木,21PAN 泛族群,B 民族動植物
2300,光果龍葵,21PAN 泛族群,B 民族動植物
2299,雙花龍葵,21PAN 泛族群,B 民族動植物
2298,水錦樹,21PAN 泛族群,B 民族動植物
2297,白雞油,21PAN 泛族群,B 民族動植物
2296,烏皮九芎,21PAN 泛族群,B 民族動植物
2295,金毛杜鵑,21PAN 泛族群,B 民族動植物
2294,裡白楤木,21PAN 泛族群,B 民族動植物
2293,山桐子,21PAN 泛族群,B 民族動植物
2292,菲律賓胡頹子,21PAN 泛族群,B 民族動植物
2291,藤胡頹子,21PAN 泛族群,B 民族動植物
2290,野棉花,21PAN 泛族群,B 民族動植物
2289,黃槿,21PAN 泛族群,B 民族動植物
2288,山麻,21PAN 泛族群,B 民族動植物
2287,燈稱花,21PAN 泛族群,B 民族動植物
2286,台東漆樹,21PAN 泛族群,B 民族動植物
2285,銀合歡,21PAN 泛族群,B 民族動植物
2284,疏花魚藤,21PAN 泛族群,B 民族動植物
2283,刺莓,21PAN 泛族群,B 民族動植物
2282,高梁泡,21PAN 泛族群,B 民族動植物
2281,榿葉懸鉤子,21PAN 泛族群,B 民族動植物
2280,台灣火刺木,21PAN 泛族群,B 民族動植物
2279,山櫻花,21PAN 泛族群,B 民族動植物
2278,山枇杷,21PAN 泛族群,B 民族動植物
2277,木荷,21PAN 泛族群,B 民族動植物
2276,大葉楠,21PAN 泛族群,B 民族動植物
2275,香桂,21PAN 泛族群,B 民族動植物
2274,臭杏,21PAN 泛族群,B 民族動植物
2273,鵝兒腸,21PAN 泛族群,B 民族動植物
2272,腺果藤,21PAN 泛族群,B 民族動植物
2271,山柚,21PAN 泛族群,B 民族動植物
2270,蕁麻,21PAN 泛族群,B 民族動植物
2269,幹花榕,21PAN 泛族群,B 民族動植物
2268,水同木,21PAN 泛族群,B 民族動植物
2267,小構樹,21PAN 泛族群,B 民族動植物
2266,櫸,21PAN 泛族群,B 民族動植物
2265,石朴,21PAN 泛族群,B 民族動植物
2264,栓皮櫟,21PAN 泛族群,B 民族動植物
2263,黃杞,21PAN 泛族群,B 民族動植物
2262,崖薑蕨,21PAN 泛族群,B 民族動植物
2261,廣葉鋸齒雙蓋蕨,21PAN 泛族群,B 民族動植物
2260,瓦氏鳳尾蕨,21PAN 泛族群,B 民族動植物
2259,箭葉鳳尾蕨,21PAN 泛族群,B 民族動植物
2258,闊葉骨碎補,21PAN 泛族群,B 民族動植物
2257,台灣桫欏,1A 阿美族Amis,B 民族動植物
2256,芒萁,21PAN 泛族群,B 民族動植物
2255,觀音座蓮,21PAN 泛族群,B 民族動植物
2254,木賊,21PAN 泛族群,B 民族動植物
2253,萬年松,21PAN 泛族群,B 民族動植物
2252,香菇,21PAN 泛族群,B 民族動植物
2251,圓果冷水麻,21PAN 泛族群,B 民族動植物
2250,苦滇菜,21PAN 泛族群,B 民族動植物
2249,賊仔樹,21PAN 泛族群,B 民族動植物
2248,密花苧麻,21PAN 泛族群,B 民族動植物
2247,台灣崖爬藤,21PAN 泛族群,B 民族動植物
2246,地錦,21PAN 泛族群,B 民族動植物
2245,霧水葛,21PAN 泛族群,B 民族動植物
2244,小梣葉懸鉤子,21PAN 泛族群,B 民族動植物
2243,台灣懸鉤子,21PAN 泛族群,B 民族動植物
2242,桃,21PAN 泛族群,B 民族動植物
2241,台灣何首烏,21PAN 泛族群,B 民族動植物
2240,薄葉風藤,21PAN 泛族群,B 民族動植物
2239,細葉金午時花,21PAN 泛族群,B 民族動植物
2238,金午時花,21PAN 泛族群,B 民族動植物
2237,落花生,21PAN 泛族群,B 民族動植物
2236,鐵莧菜,21PAN 泛族群,B 民族動植物
2235,田代氏澤蘭,21PAN 泛族群,B 民族動植物
2234,虎葛,21PAN 泛族群,B 民族動植物
2233,大頭艾納香,21PAN 泛族群,B 民族動植物
2232,裂葉艾納香,21PAN 泛族群,B 民族動植物
2231,薄葉艾納香,21PAN 泛族群,B 民族動植物
2230,海州骨碎補,21PAN 泛族群,B 民族動植物
2229,芋,21PAN 泛族群,B 民族動植物
2228,蔓黃菀,21PAN 泛族群,B 民族動植物
2227,蘭嶼秋海棠,21PAN 泛族群,B 民族動植物
2226,雞母珠,21PAN 泛族群,B 民族動植物
2225,雙面刺,21PAN 泛族群,B 民族動植物
2224,檄樹,21PAN 泛族群,B 民族動植物
2223,紫花藿香薊,21PAN 泛族群,B 民族動植物
2222,蔓澤蘭,21PAN 泛族群,B 民族動植物
2221,鳳梨,21PAN 泛族群,B 民族動植物
2220,過山香,21PAN 泛族群,B 民族動植物
2219,落新婦,21PAN 泛族群,B 民族動植物
2218,萬壽菊,21PAN 泛族群,B 民族動植物
2217,楓香,21PAN 泛族群,B 民族動植物
2216,黃水茄,21PAN 泛族群,B 民族動植物
2215,絲瓜,21PAN 泛族群,B 民族動植物
2214,紫花酢漿草,21PAN 泛族群,B 民族動植物
2213,揚波,21PAN 泛族群,B 民族動植物
2211,薏苡,21PAN 泛族群,B 民族動植物
2210,穗花山奈,21PAN 泛族群,B 民族動植物
2209,薄荷,21PAN 泛族群,B 民族動植物
2208,落葵,21PAN 泛族群,B 民族動植物
2207,昭和草,21PAN 泛族群,B 民族動植物
2206,小葉藜,21PAN 泛族群,B 民族動植物
2205,兔仔菜,21PAN 泛族群,B 民族動植物
2204,焊菜,21PAN 泛族群,B 民族動植物
2202,車輪茄,21PAN 泛族群,B 民族動植物
2201,水芥菜,21PAN 泛族群,B 民族動植物
2200,土人參,21PAN 泛族群,B 民族動植物
2199,三角葉西番蓮,21PAN 泛族群,B 民族動植物
2198,佛手瓜,21PAN 泛族群,B 民族動植物
2197,樹薯,21PAN 泛族群,B 民族動植物
2196,鵲豆,21PAN 泛族群,B 民族動植物
2195,蘭嶼羅漢松,21PAN 泛族群,B 民族動植物
2194,蘭嶼赤楠,21PAN 泛族群,B 民族動植物
2193,檳榔,21PAN 泛族群,B 民族動植物
2192,可可椰子,21PAN 泛族群,B 民族動植物
2191,食茱萸,21PAN 泛族群,B 民族動植物
2189,台灣赤楊,21PAN 泛族群,B 民族動植物
2048,冷清草,21PAN 泛族群,B 民族動植物
2049,含羞草,21PAN 泛族群,B 民族動植物
2050,杜虹花,21PAN 泛族群,B 民族動植物
2051,飛揚草,21PAN 泛族群,B 民族動植物
2052,波羅蜜,21PAN 泛族群,B 民族動植物
2053,阿里山十大功勞,21PAN 泛族群,B 民族動植物
2054,南嶺蕘花,21PAN 泛族群,B 民族動植物
2055,珊瑚樹,21PAN 泛族群,B 民族動植物
2056,香茅,21PAN 泛族群,B 民族動植物
2057,羅勒,21PAN 泛族群,B 民族動植物
2058,紅象草,21PAN 泛族群,B 民族動植物
2059,苦林盤,21PAN 泛族群,B 民族動植物
2060,烏臼,21PAN 泛族群,B 民族動植物
2061,破布子,21PAN 泛族群,B 民族動植物
2062,笑靨花,21PAN 泛族群,B 民族動植物
2063,蛇莓,21PAN 泛族群,B 民族動植物
1992,山胡椒,21PAN 泛族群,B 民族動植物
1993,苦瓜,21PAN 泛族群,B 民族動植物
1994,鵝仔草,21PAN 泛族群,B 民族動植物
1995,大薯,21PAN 泛族群,B 民族動植物
1996,金草蘭,21PAN 泛族群,B 民族動植物
1997,毛柿,21PAN 泛族群,B 民族動植物
1998,水麻,21PAN 泛族群,B 民族動植物
1999,番龍眼,21PAN 泛族群,B 民族動植物
2021,雷公根,21PAN 泛族群,B 民族動植物
2022,蕺菜,21PAN 泛族群,B 民族動植物
2023,牛奶榕,21PAN 泛族群,B 民族動植物
2024,洋落葵,21PAN 泛族群,B 民族動植物
2025,落地生根,21PAN 泛族群,B 民族動植物
2026,青葙,21PAN 泛族群,B 民族動植物
2027,白鳳菜,21PAN 泛族群,B 民族動植物
2028,紅鳳菜,21PAN 泛族群,B 民族動植物
2029,愛玉子,21PAN 泛族群,B 民族動植物
2030,決明,21PAN 泛族群,B 民族動植物
2031,番石榴,21PAN 泛族群,B 民族動植物
2032,柿,21PAN 泛族群,B 民族動植物
2033,蓖麻,21PAN 泛族群,B 民族動植物
2034,茄,21PAN 泛族群,B 民族動植物
2035,一枝黃花,21PAN 泛族群,B 民族動植物
2036,紅仔珠,21PAN 泛族群,B 民族動植物
2037,台灣八角金盤,21PAN 泛族群,B 民族動植物
2038,三白草,21PAN 泛族群,B 民族動植物
2039,小燈籠草,21PAN 泛族群,B 民族動植物
2040,小葉黃鱔藤,21PAN 泛族群,B 民族動植物
2041,桔梗蘭,21PAN 泛族群,B 民族動植物
2042,天胡荽,21PAN 泛族群,B 民族動植物
2043,木槿,21PAN 泛族群,B 民族動植物
2044,台灣五葉松,21PAN 泛族群,B 民族動植物
2045,台灣油點草,21PAN 泛族群,B 民族動植物
2046,台灣馬桑,21PAN 泛族群,B 民族動植物
2047,吊竹草,21PAN 泛族群,B 民族動植物
1792,武歹龜劉,31PNP 平埔族群,F 重要人物
1793,打那罔施八,31PNP 平埔族群,F 重要人物
1794,陳昭德,31PNP 平埔族群,F 重要人物
1795,武礼合理,31PNP 平埔族群,F 重要人物
1796,武荖加笋,31PNP 平埔族群,F 重要人物
1797,荳弄,31PNP 平埔族群,F 重要人物
1798,武籠爻里八,31PNP 平埔族群,F 重要人物
1799,芥力素馬幹,31PNP 平埔族群,F 重要人物
1800,劬勞包依力氏,31PNP 平埔族群,F 重要人物
1801,肚目打立,31PNP 平埔族群,F 重要人物
1802,潘武美（Poanvuvi）,31PNP 平埔族群,F 重要人物
1803,潘武禮（Poanvure）,31PNP 平埔族群,F 重要人物
1804,高南路那美（Koannamronavi）,31PNP 平埔族群,F 重要人物
1805,鑾仔,31PNP 平埔族群,F 重要人物
1806,籠爻其山（Ronngaokīsan）,31PNP 平埔族群,F 重要人物
1807,厨瑤,31PNP 平埔族群,F 重要人物
1808,謝馬抵武歹,31PNP 平埔族群,F 重要人物
1809,阿蚊（Avan）（擺厘社）,31PNP 平埔族群,F 重要人物
1810,敏碌（抵美簡社）,31PNP 平埔族群,F 重要人物
1811,劉利同現（Rauritonhŷan）,31PNP 平埔族群,F 重要人物
1812,潘翰仁,31PNP 平埔族群,F 重要人物
1813,偕永福,31PNP 平埔族群,F 重要人物
1814,龜眉,31PNP 平埔族群,F 重要人物
1815,潘蚊抵遙,31PNP 平埔族群,F 重要人物
1816,那鰍,31PNP 平埔族群,F 重要人物
1817,阿返（抵美福社）,31PNP 平埔族群,F 重要人物
1818,武里阿獅,31PNP 平埔族群,F 重要人物
1819,阿奪籠爻,31PNP 平埔族群,F 重要人物
1820,阿獅,31PNP 平埔族群,F 重要人物
1821,什八道里本,31PNP 平埔族群,F 重要人物
1822,籠爻哮哮,31PNP 平埔族群,F 重要人物
1823,哮哮宛𠯆,31PNP 平埔族群,F 重要人物
1824,籠爻吏承,31PNP 平埔族群,F 重要人物
1825,耳籠,31PNP 平埔族群,F 重要人物
1826,龜劉,31PNP 平埔族群,F 重要人物
1827,武歹（抵美福社）,31PNP 平埔族群,F 重要人物
1828,偕化成,31PNP 平埔族群,F 重要人物
1829,Penap / Ponap,31PNP 平埔族群,F 重要人物
1830,高力,31PNP 平埔族群,F 重要人物
1831,林斗虎,31PNP 平埔族群,F 重要人物
1832,龜欖棉,31PNP 平埔族群,F 重要人物
1833,珍凜益,31PNP 平埔族群,F 重要人物
1834,飽餪,31PNP 平埔族群,F 重要人物
1835,潘淇澳,31PNP 平埔族群,F 重要人物
1836,閩添德,31PNP 平埔族群,F 重要人物
1837,雙輝,31PNP 平埔族群,F 重要人物
1838,閩德潘,31PNP 平埔族群,F 重要人物
1839,老林,31PNP 平埔族群,F 重要人物
1840,夏戲漂,31PNP 平埔族群,F 重要人物
1841,閩河平,31PNP 平埔族群,F 重要人物
1842,潘閩讓德,31PNP 平埔族群,F 重要人物
1843,林玉春?,31PNP 平埔族群,F 重要人物
1844,Bolij / Bolle,31PNP 平埔族群,F 重要人物
1845,大脚準己力,31PNP 平埔族群,F 重要人物
1846,朗肴,31PNP 平埔族群,F 重要人物
1847,五合陞己,31PNP 平埔族群,F 重要人物
1848,阿兵馬眉,31PNP 平埔族群,F 重要人物
1849,來仔那厘,31PNP 平埔族群,F 重要人物
1850,潘和明,31PNP 平埔族群,F 重要人物
1851,潘金山,31PNP 平埔族群,F 重要人物
1852,Tabey Cilom,31PNP 平埔族群,F 重要人物
1853,Damoeri / Damoerij,31PNP 平埔族群,F 重要人物
1854,Ta Haban/Tahaban/Tachaban,31PNP 平埔族群,F 重要人物
1855,Taubas Baka/Taubas Bako/Taubasbako,31PNP 平埔族群,F 重要人物
1856,阿打歪（烏牛欄社）,31PNP 平埔族群,F 重要人物
1857,阿四老（烏牛欄社）,31PNP 平埔族群,F 重要人物
1858,阿打歪打也,31PNP 平埔族群,F 重要人物
1859,該旦打老（烏牛欄社）,31PNP 平埔族群,F 重要人物
1860,該旦六老,31PNP 平埔族群,F 重要人物
1861,阿四老六茅,31PNP 平埔族群,F 重要人物
1862,斗肉打木里,31PNP 平埔族群,F 重要人物
1863,阿打歪斗肉,31PNP 平埔族群,F 重要人物
1864,阿四老該旦,31PNP 平埔族群,F 重要人物
1865,潘馬下六馬爾,31PNP 平埔族群,F 重要人物
1866,潘明忠,31PNP 平埔族群,F 重要人物
1867,潘丹桂,31PNP 平埔族群,F 重要人物
1868,Chauda Tabei,31PNP 平埔族群,F 重要人物
1869,Boukis Lakeidan,31PNP 平埔族群,F 重要人物
1870,Tabauke,31PNP 平埔族群,F 重要人物
1871,Tahaudadey / Tahaudadeg,31PNP 平埔族群,F 重要人物
1872,Bokella Chedean/Pokella Chedean,31PNP 平埔族群,F 重要人物
1874,Kaum Haouda,31PNP 平埔族群,F 重要人物
1875,Ouna Bachala,31PNP 平埔族群,F 重要人物
1876,Baelankauda,31PNP 平埔族群,F 重要人物
1877,達舞郡乃,31PNP 平埔族群,F 重要人物
1878,大烏,31PNP 平埔族群,F 重要人物
1879,斗六,31PNP 平埔族群,F 重要人物
1880,打烏茅格,31PNP 平埔族群,F 重要人物
1881,阿打歪（阿里史社）,31PNP 平埔族群,F 重要人物
1882,茅格,31PNP 平埔族群,F 重要人物
1883,阿四老（阿里史社）,31PNP 平埔族群,F 重要人物
1884,潘習開,31PNP 平埔族群,F 重要人物
1885,郡乃打歪,31PNP 平埔族群,F 重要人物
1886,阿仁馬下六,31PNP 平埔族群,F 重要人物
1887,馬下六大烏,31PNP 平埔族群,F 重要人物
1888,阿沐斗,31PNP 平埔族群,F 重要人物
1889,潘□□,31PNP 平埔族群,F 重要人物
1890,阿□茅格,31PNP 平埔族群,F 重要人物
1891,潘阿為,31PNP 平埔族群,F 重要人物
1892,阿維六下,31PNP 平埔族群,F 重要人物
1893,潘賢文,31PNP 平埔族群,F 重要人物
1894,Quataongh,31PNP 平埔族群,F 重要人物
1895,Teydo Keyssi,31PNP 平埔族群,F 重要人物
1896,Tabeikandas/Tabekandas/Tabe Canda,31PNP 平埔族群,F 重要人物
1897,Terrogoe,31PNP 平埔族群,F 重要人物
1898,Teido Kalis,31PNP 平埔族群,F 重要人物
1899,Camachat Maloe/Chamachet Maloe/Chainachet Maloe,31PNP 平埔族群,F 重要人物
1900,Teydakaba/Teidokaba/Teido Kabba/Tado Caba/Teyda Bara,31PNP 平埔族群,F 重要人物
1901,Taccaula Tabonno/Tataula Taboena/Ta Kaula Tabunogh,31PNP 平埔族群,F 重要人物
1902,Chamachat Tabouroch,31PNP 平埔族群,F 重要人物
1903,Tapeidach/Tapeydach,31PNP 平埔族群,F 重要人物
1904,加九眉閤,31PNP 平埔族群,F 重要人物
1905,蒲氏賓祿,31PNP 平埔族群,F 重要人物
1906,蒲氏沙裡著,31PNP 平埔族群,F 重要人物
1907,阿眉垙,31PNP 平埔族群,F 重要人物
1908,阿眉加獵,31PNP 平埔族群,F 重要人物
1909,烏鴨□,31PNP 平埔族群,F 重要人物
1910,大寧典,31PNP 平埔族群,F 重要人物
1911,烏鴨,31PNP 平埔族群,F 重要人物
1912,烏鴉州,31PNP 平埔族群,F 重要人物
1913,上港烏義,31PNP 平埔族群,F 重要人物
1914,眉打那,31PNP 平埔族群,F 重要人物
1915,愛箸武厘,31PNP 平埔族群,F 重要人物
1916,阿朥萬典,31PNP 平埔族群,F 重要人物
1917,烏鴉表陞,31PNP 平埔族群,F 重要人物
1918,愛箸武澤,31PNP 平埔族群,F 重要人物
1919,大宇斗六,31PNP 平埔族群,F 重要人物
1920,阿甲義成,31PNP 平埔族群,F 重要人物
1921,Taccassiangh / Tagassiangh / Tabassiangh / Takassiangh / Tacassiangh,31PNP 平埔族群,F 重要人物
1922,Caisan,31PNP 平埔族群,F 重要人物
1923,Smeering,31PNP 平埔族群,F 重要人物
1924,Veyoch（力力社）,31PNP 平埔族群,F 重要人物
1925,Kamado,31PNP 平埔族群,F 重要人物
1926,Panacorang / Panacorongh / Panccorangh / Panacorangh / Banaborangh /  Panakoong /  Lanakoroangh,31PNP 平埔族群,F 重要人物
1927,Tasoura / Tausoura / Tausuva /  Taujasara / Tauiasaua / Taujasaia,31PNP 平埔族群,F 重要人物
1928,Sayangh / Savongh / Savong / Savorgh / Sovon,31PNP 平埔族群,F 重要人物
1929,仙英,31PNP 平埔族群,F 重要人物
1930,啟善,31PNP 平埔族群,F 重要人物
1931,潘勝義,31PNP 平埔族群,F 重要人物
1932,Dicka / Dika,31PNP 平埔族群,F 重要人物
1933,Tapcqijmeo Veling,31PNP 平埔族群,F 重要人物
1934,Tapagy / Tapagi,31PNP 平埔族群,F 重要人物
1935,Taglemey / Dagloumey / Dang Laumey / Daglomney,31PNP 平埔族群,F 重要人物
1936,Tapogy,31PNP 平埔族群,F 重要人物
1937,Tackarey /  Tachavey / Takarey / Takarij,31PNP 平埔族群,F 重要人物
1938,Tappare / Dapau / Dapare,31PNP 平埔族群,F 重要人物
1939,Taparetamavaca /  Tapare Tama Vaka / Tapare T. Vaka,31PNP 平埔族群,F 重要人物
1940,Tacalangh / Takalangh / Takalang /  Tackalangh,31PNP 平埔族群,F 重要人物
1941,Dahalis Lameger / Dehalis Lameyer / Dachalis,31PNP 平埔族群,F 重要人物
1942,三元（新港社）,31PNP 平埔族群,F 重要人物
1943,三臺,31PNP 平埔族群,F 重要人物
1944,大奇力,31PNP 平埔族群,F 重要人物
1945,泊干,31PNP 平埔族群,F 重要人物
1946,大里觀,31PNP 平埔族群,F 重要人物
1947,礁來仔,31PNP 平埔族群,F 重要人物
1948,大耳戡,31PNP 平埔族群,F 重要人物
1949,卓仙臺,31PNP 平埔族群,F 重要人物
1950,毛廷玉,31PNP 平埔族群,F 重要人物
1951,阿力（新港社）,31PNP 平埔族群,F 重要人物
1952,高□清,31PNP 平埔族群,F 重要人物
1953,虞協匿,31PNP 平埔族群,F 重要人物
1954,虞尚歷,31PNP 平埔族群,F 重要人物
1955,余撓,31PNP 平埔族群,F 重要人物
1956,機穆堯,31PNP 平埔族群,F 重要人物
1957,余傑,31PNP 平埔族群,F 重要人物
1958,萬六機,31PNP 平埔族群,F 重要人物
1959,蕭連生,31PNP 平埔族群,F 重要人物
1960,冬哦加美,31PNP 平埔族群,F 重要人物
1961,力元生,31PNP 平埔族群,F 重要人物
1962,老臺灣,31PNP 平埔族群,F 重要人物
1963,Bachala,31PNP 平埔族群,F 重要人物
1964,Tapausobol / Tapousobel,31PNP 平埔族群,F 重要人物
1965,Bachalaboch,31PNP 平埔族群,F 重要人物
1966,Aunasillo / Ouna Sijllo,31PNP 平埔族群,F 重要人物
1967,Tapous Oubul / Tabeus Oubil / Tapous Oubil Takourey / Tapous Oubil,31PNP 平埔族群,F 重要人物
1968,Ouna sillle / Ouna Si Ille / Onna Gylle,31PNP 平埔族群,F 重要人物
1969,Ouna Bakala / Ouna Backkala / Onna Backala,31PNP 平埔族群,F 重要人物
1970,阿睦,31PNP 平埔族群,F 重要人物
1971,阿藍,31PNP 平埔族群,F 重要人物
1972,亞賜老,31PNP 平埔族群,F 重要人物
1973,敦仔,31PNP 平埔族群,F 重要人物
1718,武歹（踏踏社）,31PNP 平埔族群,F 重要人物
1974,阿六萬老难,31PNP 平埔族群,F 重要人物
1719,阿蚊臣力龜劉,31PNP 平埔族群,F 重要人物
1975,敦加朥下,31PNP 平埔族群,F 重要人物
1720,李籠爻（Rironngao）,31PNP 平埔族群,F 重要人物
1976,阿四老阿朥萬,31PNP 平埔族群,F 重要人物
1721,籠爻敏祿,31PNP 平埔族群,F 重要人物
1977,馬下加六啻都,31PNP 平埔族群,F 重要人物
1722,那爻擔武郎,31PNP 平埔族群,F 重要人物
1978,馬下六敦,31PNP 平埔族群,F 重要人物
1723,武歹夏馬述,31PNP 平埔族群,F 重要人物
1979,該旦打老（岸裡社）,31PNP 平埔族群,F 重要人物
1724,阿蚊（Avan）（西勢打那岸社）,31PNP 平埔族群,F 重要人物
1980,潘啟萬,31PNP 平埔族群,F 重要人物
1725,潘加笋,31PNP 平埔族群,F 重要人物
1981,大烏壠,31PNP 平埔族群,F 重要人物
1726,阿返（吧荖欎社）,31PNP 平埔族群,F 重要人物
1982,沙眉,31PNP 平埔族群,F 重要人物
1727,阿返八里鶴,31PNP 平埔族群,F 重要人物
1983,潘孝貴,31PNP 平埔族群,F 重要人物
1728,阿返鞭,31PNP 平埔族群,F 重要人物
1984,潘章文,31PNP 平埔族群,F 重要人物
1729,阿返阿邊,31PNP 平埔族群,F 重要人物
1985,潘連文,31PNP 平埔族群,F 重要人物
1730,潘阿邊,31PNP 平埔族群,F 重要人物
1986,潘桂元,31PNP 平埔族群,F 重要人物
1731,立眉卯乃,31PNP 平埔族群,F 重要人物
1987,潘賢桂,31PNP 平埔族群,F 重要人物
1732,踏瑪蘭,31PNP 平埔族群,F 重要人物
1988,潘慶松,31PNP 平埔族群,F 重要人物
1733,奪眉黨,31PNP 平埔族群,F 重要人物
1989,潘拔元,31PNP 平埔族群,F 重要人物
1734,茅乃奪,31PNP 平埔族群,F 重要人物
1990,天生,31PNP 平埔族群,F 重要人物
1735,潘龜敏（Poankūvin）,31PNP 平埔族群,F 重要人物
1991,毛芳,31PNP 平埔族群,F 重要人物
1736,龜荖敏,31PNP 平埔族群,F 重要人物
1737,龜劉武朗,31PNP 平埔族群,F 重要人物
1738,潘兩爻（Poanryenngao）,31PNP 平埔族群,F 重要人物
1739,武歹籠爻,31PNP 平埔族群,F 重要人物
1740,謝馬抵,31PNP 平埔族群,F 重要人物
1741,連古鹽佳吉（Ryênkoyamkekyăt）,31PNP 平埔族群,F 重要人物
1742,林加登,31PNP 平埔族群,F 重要人物
1743,夏籠爻,31PNP 平埔族群,F 重要人物
1744,芥力,31PNP 平埔族群,F 重要人物
1745,龜劉斗瓦,31PNP 平埔族群,F 重要人物
1746,踏丁,31PNP 平埔族群,F 重要人物
1747,抵□斗□,31PNP 平埔族群,F 重要人物
1748,馬達里（Māttarī）,31PNP 平埔族群,F 重要人物
1749,武里阿蚊,31PNP 平埔族群,F 重要人物
1750,遠老思問,31PNP 平埔族群,F 重要人物
1751,偕以籐（Kaiyiteen）,31PNP 平埔族群,F 重要人物
1752,籐陀代散,31PNP 平埔族群,F 重要人物
1753,武禮把老,31PNP 平埔族群,F 重要人物
1754,□□阿蚊,31PNP 平埔族群,F 重要人物
1755,振金聲（Tsinkimsŷen）,31PNP 平埔族群,F 重要人物
1756,武反,31PNP 平埔族群,F 重要人物
1757,武歹（猫里霧罕社）,31PNP 平埔族群,F 重要人物
1758,九脉,31PNP 平埔族群,F 重要人物
1759,虱鼻,31PNP 平埔族群,F 重要人物
1760,連抵來（Rŷenteirăi）,31PNP 平埔族群,F 重要人物
1761,奪孝碖,31PNP 平埔族群,F 重要人物
1762,龜茅,31PNP 平埔族群,F 重要人物
1763,舍乃奪,31PNP 平埔族群,F 重要人物
1764,阿蚊含乃,31PNP 平埔族群,F 重要人物
1765,陳天錫,31PNP 平埔族群,F 重要人物
1766,什仔抵,31PNP 平埔族群,F 重要人物
1767,習八抵,31PNP 平埔族群,F 重要人物
1768,什仔卓,31PNP 平埔族群,F 重要人物
1769,阿獨（Attŏk）,31PNP 平埔族群,F 重要人物
1770,武裂末加眼,31PNP 平埔族群,F 重要人物
1771,九仔那爻,31PNP 平埔族群,F 重要人物
1772,那眉武歹,31PNP 平埔族群,F 重要人物
1773,阿蚊（Avan）（猫里府烟社）,31PNP 平埔族群,F 重要人物
1774,其祥,31PNP 平埔族群,F 重要人物
1775,比蘭,31PNP 平埔族群,F 重要人物
1776,龜乳本用,31PNP 平埔族群,F 重要人物
1777,阿返（Ahoan）,31PNP 平埔族群,F 重要人物
1778,九敏,31PNP 平埔族群,F 重要人物
1779,□□阿□,31PNP 平埔族群,F 重要人物
1780,武禮龜劉,31PNP 平埔族群,F 重要人物
1781,九仔龜劉,31PNP 平埔族群,F 重要人物
1782,宛𠯆敏落,31PNP 平埔族群,F 重要人物
1783,高武荖抵禮（Koanvurōtere）,31PNP 平埔族群,F 重要人物
1784,偕打美（Kaitavi）,31PNP 平埔族群,F 重要人物
1785,高抵禮,31PNP 平埔族群,F 重要人物
1786,那眉猫荖,31PNP 平埔族群,F 重要人物
1787,某乃加笋,31PNP 平埔族群,F 重要人物
1788,龜劉擺約,31PNP 平埔族群,F 重要人物
1789,龜劉阿蚊（Kurauavan）,31PNP 平埔族群,F 重要人物
1790,那爻甲武烈,31PNP 平埔族群,F 重要人物
1791,打立,31PNP 平埔族群,F 重要人物
1572,搭難,31PNP 平埔族群,F 重要人物
1573,□一巴,31PNP 平埔族群,F 重要人物
1574,烏里□,31PNP 平埔族群,F 重要人物
1575,阿□,31PNP 平埔族群,F 重要人物
1576,Nanoy / Manoey / Nanoey / Nanoi / Nanocq,31PNP 平埔族群,F 重要人物
1577,Arimo Taboas,31PNP 平埔族群,F 重要人物
1578,Ourim,31PNP 平埔族群,F 重要人物
1579,Angingh,31PNP 平埔族群,F 重要人物
1580,Tamarauwei / Taumarauvey / Tamaraswei,31PNP 平埔族群,F 重要人物
1581,Arimo / Aimo,31PNP 平埔族群,F 重要人物
1582,Savongh / Savong,31PNP 平埔族群,F 重要人物
1583,Oerim,31PNP 平埔族群,F 重要人物
1584,Tammareway,31PNP 平埔族群,F 重要人物
1585,Tarrawangh,31PNP 平埔族群,F 重要人物
1586,Tuvaongh,31PNP 平埔族群,F 重要人物
1587,Careboangh / Karaboangh / Kanaboangh,31PNP 平埔族群,F 重要人物
1588,Tamaropey,31PNP 平埔族群,F 重要人物
1589,Veyoch（茄藤社）,31PNP 平埔族群,F 重要人物
1590,Smeeringh,31PNP 平埔族群,F 重要人物
1591,Rangarangh,31PNP 平埔族群,F 重要人物
1592,Safongh / Savongh / Savong / Savorg / Savor,31PNP 平埔族群,F 重要人物
1593,Sakodis,31PNP 平埔族群,F 重要人物
1594,Rangingh / Ranging,31PNP 平埔族群,F 重要人物
1595,Arimo,31PNP 平埔族群,F 重要人物
1596,Voya,31PNP 平埔族群,F 重要人物
1597,三元（茄藤社）,31PNP 平埔族群,F 重要人物
1598,□□□,31PNP 平埔族群,F 重要人物
1599,生老,31PNP 平埔族群,F 重要人物
1600,Visscher / Visschor,31PNP 平埔族群,F 重要人物
1601,Ipouy,31PNP 平埔族群,F 重要人物
1602,Opey / Ouvey / Orrey / Ovei / Oevey,31PNP 平埔族群,F 重要人物
1603,Sakodijs / Sakodis,31PNP 平埔族群,F 重要人物
1604,Takoney,31PNP 平埔族群,F 重要人物
1605,Arrearejang,31PNP 平埔族群,F 重要人物
1606,Sarongingh / Sanrongingh / Sarondingh,31PNP 平埔族群,F 重要人物
1607,Tidourou / Tidarau / Tidarauch / Tidaraug / Tidarauck,31PNP 平埔族群,F 重要人物
1608,Carangalang T.Lvoch / Cannangalangh T.Ivock,31PNP 平埔族群,F 重要人物
1609,Tavobon,31PNP 平埔族群,F 重要人物
1610,Tackomey T.Touween / Takomey T.Tauween / Takomey T.Tauwen,31PNP 平埔族群,F 重要人物
1611,Tatapgno T.Angin,31PNP 平埔族群,F 重要人物
1612,阿里莫,31PNP 平埔族群,F 重要人物
1613,加猫（甲）,31PNP 平埔族群,F 重要人物
1614,加猫（乙）,31PNP 平埔族群,F 重要人物
1615,居覓,31PNP 平埔族群,F 重要人物
1616,劉福海,31PNP 平埔族群,F 重要人物
1617,Ticoya,31PNP 平埔族群,F 重要人物
1618,Topis,31PNP 平埔族群,F 重要人物
1619,Tacomey / Takoumey / Tacoumey / Tacoemey,31PNP 平埔族群,F 重要人物
1620,Pallonpangh / Pallampangh / Palampangh / Soalampangh / Palampang,31PNP 平埔族群,F 重要人物
1621,Singho,31PNP 平埔族群,F 重要人物
1622,Cavolouw,31PNP 平埔族群,F 重要人物
1623,Siaro / Siarro,31PNP 平埔族群,F 重要人物
1624,Siaro,31PNP 平埔族群,F 重要人物
1625,Hoerongh,31PNP 平埔族群,F 重要人物
1626,Tiouma,31PNP 平埔族群,F 重要人物
1627,Govert,31PNP 平埔族群,F 重要人物
1628,Anhgnigh T.Sakotey / Angnigh T.Sakocey / Angingh T.Sakotey,31PNP 平埔族群,F 重要人物
1629,Angingh T.Thiet,31PNP 平埔族群,F 重要人物
1630,Matthijs / Matthies,31PNP 平埔族群,F 重要人物
1631,Singo T.Tabarey,31PNP 平埔族群,F 重要人物
1632,Ausou T. Ausou,31PNP 平埔族群,F 重要人物
1633,Vagila / Wagila,31PNP 平埔族群,F 重要人物
1634,Sarim,31PNP 平埔族群,F 重要人物
1635,Sangarau,31PNP 平埔族群,F 重要人物
1636,Singo,31PNP 平埔族群,F 重要人物
1637,Nangh,31PNP 平埔族群,F 重要人物
1638,Surun / Surim,31PNP 平埔族群,F 重要人物
1639,Singo / Singho,31PNP 平埔族群,F 重要人物
1640,Caloevon / Caloeven / Galove,31PNP 平埔族群,F 重要人物
1641,Timangh / Tinangh / Tinang,31PNP 平埔族群,F 重要人物
1642,Loth T.Vayo,31PNP 平埔族群,F 重要人物
1643,Enogh T.Tamarian,31PNP 平埔族群,F 重要人物
1644,Taccarey / Takaray / Tackarey,31PNP 平埔族群,F 重要人物
1645,Sarim / Sarin,31PNP 平埔族群,F 重要人物
1646,Leyo,31PNP 平埔族群,F 重要人物
1647,Tamma Ouningh,31PNP 平埔族群,F 重要人物
1648,Tapanga / Taponga,31PNP 平埔族群,F 重要人物
1649,Taminingh / Tanniningh / Tamimingh,31PNP 平埔族群,F 重要人物
1650,Kirongh,31PNP 平埔族群,F 重要人物
1651,Tilagi,31PNP 平埔族群,F 重要人物
1652,Tapanga Tamatuat,31PNP 平埔族群,F 重要人物
1653,Tamatavasie / Samatavisie / Tavesie / Tavahil,31PNP 平埔族群,F 重要人物
1654,Tamakarangh / Tamatavangh / Tavong / Tavongh,31PNP 平埔族群,F 重要人物
1655,Tamey-Longh T. Sou-Ab / Tamey T. Soual,31PNP 平埔族群,F 重要人物
1656,Rockey Tama Touva / Rokey T. Touwa / Tokey T. Touwa / Roques T. Touwo,31PNP 平埔族群,F 重要人物
1657,Varis Tama I-Dongh / Varis T. Idong / Varis T. Idingh,31PNP 平埔族群,F 重要人物
1658,Serong T.Tionang / Serongh T. Tionangh / Serong T. Tiwangh,31PNP 平埔族群,F 重要人物
1659,Varis,31PNP 平埔族群,F 重要人物
1660,Ripouw / Ripau / Ripou,31PNP 平埔族群,F 重要人物
1661,Tesij,31PNP 平埔族群,F 重要人物
1662,Tananingh,31PNP 平埔族群,F 重要人物
1663,Tivaris / Tavaris / Takaris,31PNP 平埔族群,F 重要人物
1664,Paringh,31PNP 平埔族群,F 重要人物
1665,Paly,31PNP 平埔族群,F 重要人物
1666,Tikirongh,31PNP 平埔族群,F 重要人物
1667,Tavaringh,31PNP 平埔族群,F 重要人物
1668,Kavaloe,31PNP 平埔族群,F 重要人物
1669,Paringh T. Wassangh,31PNP 平埔族群,F 重要人物
1670,Wierongh,31PNP 平埔族群,F 重要人物
1671,Paring / Paringh,31PNP 平埔族群,F 重要人物
1672,Cauboulo,31PNP 平埔族群,F 重要人物
1673,Tavooch / Tavogh,31PNP 平埔族群,F 重要人物
1674,武歹加禮,31PNP 平埔族群,F 重要人物
1675,宛𠯆買爾,31PNP 平埔族群,F 重要人物
1676,那眉斗珍,31PNP 平埔族群,F 重要人物
1677,瑪瑤阿返,31PNP 平埔族群,F 重要人物
1678,阿返武荖,31PNP 平埔族群,F 重要人物
1679,獨蚊高德武（Ttōkvankoantēkvn）,31PNP 平埔族群,F 重要人物
1680,遠嚕劬令,31PNP 平埔族群,F 重要人物
1681,加荖敏,31PNP 平埔族群,F 重要人物
1682,潘得生（Poantēksin）,31PNP 平埔族群,F 重要人物
1683,潘德明,31PNP 平埔族群,F 重要人物
1684,罩伯,31PNP 平埔族群,F 重要人物
1685,陳新抵（Tansinte）,31PNP 平埔族群,F 重要人物
1686,富籠,31PNP 平埔族群,F 重要人物
1687,偕阿蚊（Kaiavan）,31PNP 平埔族群,F 重要人物
1688,偕目孔（Kaivokkon）,31PNP 平埔族群,F 重要人物
1689,林阿返（Rimāhoan）,31PNP 平埔族群,F 重要人物
1690,抵歹思勑,31PNP 平埔族群,F 重要人物
1691,Bimiock,31PNP 平埔族群,F 重要人物
1692,敏碌（奇立板社）,31PNP 平埔族群,F 重要人物
1693,潘塞鼻（Poanssapie）,31PNP 平埔族群,F 重要人物
1694,加令抵蚊,31PNP 平埔族群,F 重要人物
1695,阿綱合必舟,31PNP 平埔族群,F 重要人物
1696,龜劉武禮,31PNP 平埔族群,F 重要人物
1697,奪武江因瑤,31PNP 平埔族群,F 重要人物
1698,阿返（辛仔罕社）,31PNP 平埔族群,F 重要人物
1699,潘應芳（Poanyinghong）,31PNP 平埔族群,F 重要人物
1700,籠爻含乃,31PNP 平埔族群,F 重要人物
1701,武歹奪,31PNP 平埔族群,F 重要人物
1702,豆弄,31PNP 平埔族群,F 重要人物
1703,龜劉沙簡,31PNP 平埔族群,F 重要人物
1704,劉龜芥埒（Raukūkairoa）,31PNP 平埔族群,F 重要人物
1705,蚊鄰珍沙,31PNP 平埔族群,F 重要人物
1706,喇喇哈喇嚕,31PNP 平埔族群,F 重要人物
1707,八里抵氏,31PNP 平埔族群,F 重要人物
1708,奪芥辣,31PNP 平埔族群,F 重要人物
1709,銅旗礼奪,31PNP 平埔族群,F 重要人物
1710,魁手奪,31PNP 平埔族群,F 重要人物
1711,阿返仔,31PNP 平埔族群,F 重要人物
1712,阿比仔,31PNP 平埔族群,F 重要人物
1713,奪返眉,31PNP 平埔族群,F 重要人物
1714,陳武反仔（Tanvūhoanā）,31PNP 平埔族群,F 重要人物
1715,抵搖,31PNP 平埔族群,F 重要人物
1716,高良西（Koaryonsye）,31PNP 平埔族群,F 重要人物
1717,阿綱,31PNP 平埔族群,F 重要人物
1571,野牡丹,21PAN 泛族群,B 民族動植物
1570,興修,31PNP 平埔族群,F 重要人物
1569,南仔漠,31PNP 平埔族群,F 重要人物
1568,斗审,31PNP 平埔族群,F 重要人物
1567,Zwaac Tama Delle / Zwanc Tam Adelli / Swacktamadelly,31PNP 平埔族群,F 重要人物
1566,Toelingit / Toefingit,31PNP 平埔族群,F 重要人物
1565,Tamalavoos,31PNP 平埔族群,F 重要人物
1564,Dapare,31PNP 平埔族群,F 重要人物
1563,Taulangh / Tehangh / Tohongh,31PNP 平埔族群,F 重要人物
1562,Lapor / Loevor / Lavore,31PNP 平埔族群,F 重要人物
1561,Davolich / Doelingh,31PNP 平埔族群,F 重要人物
1560,Sangarony / Sangarou / Sangarau,31PNP 平埔族群,F 重要人物
1559,Dapou,31PNP 平埔族群,F 重要人物
1558,Cicia,31PNP 平埔族群,F 重要人物
1557,Vakingh / Vaking,31PNP 平埔族群,F 重要人物
1556,Souguarouw,31PNP 平埔族群,F 重要人物
1555,Daa,31PNP 平埔族群,F 重要人物
1554,羅大,31PNP 平埔族群,F 重要人物
1553,巴突,31PNP 平埔族群,F 重要人物
1552,孫來,31PNP 平埔族群,F 重要人物
1551,大烏欅,31PNP 平埔族群,F 重要人物
1550,沙來（目加溜灣社）,31PNP 平埔族群,F 重要人物
1549,斈生沙來,31PNP 平埔族群,F 重要人物
1548,半番,31PNP 平埔族群,F 重要人物
1547,蔴凟,31PNP 平埔族群,F 重要人物
1546,阿里梢,31PNP 平埔族群,F 重要人物
1545,加令遇,31PNP 平埔族群,F 重要人物
1544,Laviangh / Zailang / Sariangh,31PNP 平埔族群,F 重要人物
1543,Lapoy / Casoy,31PNP 平埔族群,F 重要人物
1542,Capule / Capoule / Sapoule / Capoele,31PNP 平埔族群,F 重要人物
1541,Tanguel,31PNP 平埔族群,F 重要人物
1540,Arissouw / Arrouso / Arissau / Arissou,31PNP 平埔族群,F 重要人物
1539,Tackavier / Tasapier / Tackarey / Tacarey / Takarey,31PNP 平埔族群,F 重要人物
1538,Gafiel,31PNP 平埔族群,F 重要人物
1537,張建章,31PNP 平埔族群,F 重要人物
1536,張天來,31PNP 平埔族群,F 重要人物
1535,礁巴惡,31PNP 平埔族群,F 重要人物
1534,余元和,31PNP 平埔族群,F 重要人物
1533,朱正理,31PNP 平埔族群,F 重要人物
1532,力平和,31PNP 平埔族群,F 重要人物
1531,朱元生,31PNP 平埔族群,F 重要人物
1530,劉林清,31PNP 平埔族群,F 重要人物
1529,□長,31PNP 平埔族群,F 重要人物
1528,池烈,31PNP 平埔族群,F 重要人物
1527,朥逸,31PNP 平埔族群,F 重要人物
1526,羅芮,31PNP 平埔族群,F 重要人物
1525,乃犁,31PNP 平埔族群,F 重要人物
1524,猫□,31PNP 平埔族群,F 重要人物
1523,沙來（蔴荳社）,31PNP 平埔族群,F 重要人物
1522,大芮,31PNP 平埔族群,F 重要人物
1521,□邦岳,31PNP 平埔族群,F 重要人物
1520,買冬,31PNP 平埔族群,F 重要人物
1519,朥□,31PNP 平埔族群,F 重要人物
1518,朥咳,31PNP 平埔族群,F 重要人物
1517,Tijchau / Teychayeu,31PNP 平埔族群,F 重要人物
1516,Vareley / Valarey,31PNP 平埔族群,F 重要人物
1515,Valking / Vaking / Vakingh,31PNP 平埔族群,F 重要人物
1514,Valoffmau / Valoffrnau / Valoffinau,31PNP 平埔族群,F 重要人物
1513,Idangh / Wangh / Idang,31PNP 平埔族群,F 重要人物
1512,Tadiho / Tadiko,31PNP 平埔族群,F 重要人物
1511,Daros,31PNP 平埔族群,F 重要人物
1510,Verongh,31PNP 平埔族群,F 重要人物
1509,Loeloch / Lonoch,31PNP 平埔族群,F 重要人物
1508,Tavoris / Tavoise / Tavaris,31PNP 平埔族群,F 重要人物
1507,Vonssoey / Vonsoy / Vongsoey / Vangsoey / Vongsoy / Vorgsoy,31PNP 平埔族群,F 重要人物
1506,Tacaran / Taccaran,31PNP 平埔族群,F 重要人物
1505,加弄,31PNP 平埔族群,F 重要人物
1504,大邦哦,31PNP 平埔族群,F 重要人物
1503,大雅厘,31PNP 平埔族群,F 重要人物
1502,沙來（蕭壠社）,31PNP 平埔族群,F 重要人物
1501,大甲劉,31PNP 平埔族群,F 重要人物
1500,Takoley,31PNP 平埔族群,F 重要人物
1499,Javaris / Tavaris,31PNP 平埔族群,F 重要人物
1498,Idang / Idangh,31PNP 平埔族群,F 重要人物
1497,Arovan / Ararang,31PNP 平埔族群,F 重要人物
1496,Tarihee / Tarihe,31PNP 平埔族群,F 重要人物
1495,Saerau / Sacau,31PNP 平埔族群,F 重要人物
1494,Vitock / Vitoch / Vitoe,31PNP 平埔族群,F 重要人物
1493,Labuch / Lavuch,31PNP 平埔族群,F 重要人物
1492,Diviloco Mesveling,31PNP 平埔族群,F 重要人物
1491,Valouey,31PNP 平埔族群,F 重要人物
1490,Souvaley / Souraley /  Soevaley,31PNP 平埔族群,F 重要人物
1489,Arouwangh / Arawanij / Arouangh / Arovangh,31PNP 平埔族群,F 重要人物
1488,Vaveya / Vaveja / Vareia,31PNP 平埔族群,F 重要人物
1487,思猫,31PNP 平埔族群,F 重要人物
1486,斗立,31PNP 平埔族群,F 重要人物
1485,Spooa,31PNP 平埔族群,F 重要人物
1484,Ourij T. Varau / Oury,31PNP 平埔族群,F 重要人物
1483,Da. A. Tava / Da A. T. Ava / Dan. T. Avaragh,31PNP 平埔族群,F 重要人物
1482,Soevaidae / Soevay T.Packarey,31PNP 平埔族群,F 重要人物
1481,Oury Dapasi / Oury Dapasy,31PNP 平埔族群,F 重要人物
1480,Pangau Packarey,31PNP 平埔族群,F 重要人物
1479,Oury Soeva,31PNP 平埔族群,F 重要人物
1478,Soura Pakarey,31PNP 平埔族群,F 重要人物
1477,Ourij Pang-Au / Ourij Pangau,31PNP 平埔族群,F 重要人物
1476,加獵,31PNP 平埔族群,F 重要人物
1475,猫老,31PNP 平埔族群,F 重要人物
1474,麻好,31PNP 平埔族群,F 重要人物
1473,Dalau Sakale / Dalou T. Sahale / Dalou T. Schale,31PNP 平埔族群,F 重要人物
1472,Datamanij / Datamary / Datamarij,31PNP 平埔族群,F 重要人物
1471,Vackalackalang / Vakalakale / Vackalacka,31PNP 平埔族群,F 重要人物
1470,Veydo / Vaydo,31PNP 平埔族群,F 重要人物
1469,Lapikouda,31PNP 平埔族群,F 重要人物
1468,Kativongh / Kalivongh / Kaliwongh,31PNP 平埔族群,F 重要人物
1467,Davoro,31PNP 平埔族群,F 重要人物
1466,Gavil,31PNP 平埔族群,F 重要人物
1465,Davalack / Davalak,31PNP 平埔族群,F 重要人物
1464,Dackalackala / Dacka Sackala,31PNP 平埔族群,F 重要人物
1463,扶乃,31PNP 平埔族群,F 重要人物
1462,他原原,31PNP 平埔族群,F 重要人物
1461,阿吧六,31PNP 平埔族群,F 重要人物
1460,愛君,31PNP 平埔族群,F 重要人物
1459,Jacob Bellelouw / Jacob Bellelau / Jacob Bellelau,31PNP 平埔族群,F 重要人物
1458,Tabaibailiba / Tabbaibailaba / Tabaibaillaba,31PNP 平埔族群,F 重要人物
1457,Ta Hadurro,31PNP 平埔族群,F 重要人物
1456,Tabellaboan / Ta Ballaboan / Taballaboangh / Taballaboangh / Taballaboar,31PNP 平埔族群,F 重要人物
1455,Bayrolle,31PNP 平埔族群,F 重要人物
1454,Tarabeidondon,31PNP 平埔族群,F 重要人物
1453,Tabellauboan,31PNP 平埔族群,F 重要人物
1452,蛤肉天,31PNP 平埔族群,F 重要人物
1451,孩迭,31PNP 平埔族群,F 重要人物
1450,Tarabogt et Hal / Tarabey / Tarabey Te El,31PNP 平埔族群,F 重要人物
1449,Tasasylliau / Ta Sasilau / Tasalilauw / Tasalilau / Sasalilau,31PNP 平埔族群,F 重要人物
1448,Tachilau,31PNP 平埔族群,F 重要人物
1447,Taddoa Sarabaschie,31PNP 平埔族群,F 重要人物
1446,Tackala Tachierapos / Takala Tacheirapos / Takala Tacheyropas / Takal Tachiopas / Ta Cala Cheirapus,31PNP 平埔族群,F 重要人物
1445,Tapausiomaibat / Tapausiamaibat,31PNP 平埔族群,F 重要人物
1444,潘長泰,31PNP 平埔族群,F 重要人物
1443,硃元,31PNP 平埔族群,F 重要人物
1442,眉生,31PNP 平埔族群,F 重要人物
1441,三元（他里霧社）,31PNP 平埔族群,F 重要人物
1440, Toababadian / Taubabadian / Takbaba Dian,31PNP 平埔族群,F 重要人物
1439,Tokala / Takalo,31PNP 平埔族群,F 重要人物
1438,Takabarabeillelo / Takabarabeyleylo / Takaba Rabeilello,31PNP 平埔族群,F 重要人物
1437,Takala-Cheialis / Ta Cala Cheialis,31PNP 平埔族群,F 重要人物
1436,Doboan / Ta Doboan,31PNP 平埔族群,F 重要人物
1435,Tabeylau,31PNP 平埔族群,F 重要人物
1434,Tada Taraudowan / Tadda Taraudown,31PNP 平埔族群,F 重要人物
1433,Tabeibala,31PNP 平埔族群,F 重要人物
1432,潘長安,31PNP 平埔族群,F 重要人物
1431,荳是阿,31PNP 平埔族群,F 重要人物
1430,皆知里布士安,31PNP 平埔族群,F 重要人物
1429,朱大中,31PNP 平埔族群,F 重要人物
1428,薛打劉,31PNP 平埔族群,F 重要人物
1427,肥斗肉,31PNP 平埔族群,F 重要人物
1426,蛤肉眉,31PNP 平埔族群,F 重要人物
1425,阿隆,31PNP 平埔族群,F 重要人物
1424,Taserouma / Tassarramo / Thasarroma,31PNP 平埔族群,F 重要人物
1423,Ta Cheitola,31PNP 平埔族群,F 重要人物
1422,Taharrido / Ta Harrido / Tacharido / Darahida / Daharido,31PNP 平埔族群,F 重要人物
1421,Tabellabasje / Tabellabasie,31PNP 平埔族群,F 重要人物
1420,Tellomat / Teilomat,31PNP 平埔族群,F 重要人物
1419,喝汝宇士,31PNP 平埔族群,F 重要人物
1418,加礼巫士,31PNP 平埔族群,F 重要人物
1417,斗朥未說,31PNP 平埔族群,F 重要人物
1416,烏眉知里,31PNP 平埔族群,F 重要人物
1415,大眉知里,31PNP 平埔族群,F 重要人物
1414,阿旱大眉,31PNP 平埔族群,F 重要人物
1413,斗肉大箸,31PNP 平埔族群,F 重要人物
1412,Tacheitiriaba,31PNP 平埔族群,F 重要人物
1411,Tabordua,31PNP 平埔族群,F 重要人物
1410,Tacheitirririus / Tachitirririus / Ta Chetiri Rius,31PNP 平埔族群,F 重要人物
1409,Tacheyrraba / Tachertirriaba / Tachertirriaba,31PNP 平埔族群,F 重要人物
1408,獨甲來氏,31PNP 平埔族群,F 重要人物
1407,□虱如,31PNP 平埔族群,F 重要人物
1406,潘采,31PNP 平埔族群,F 重要人物
1405,全成（大突社）,31PNP 平埔族群,F 重要人物
1404,高生,31PNP 平埔族群,F 重要人物
1403,眉寶,31PNP 平埔族群,F 重要人物
1402,河規,31PNP 平埔族群,F 重要人物
1401,阿咯,31PNP 平埔族群,F 重要人物
1400,Tadaura Albachaii / Tadaural Albachan / Tadaural,31PNP 平埔族群,F 重要人物
1399,Tarransa Balij / Taransa Balien / Tarrausa,31PNP 平埔族群,F 重要人物
1398,Tahala Tacheido / Takala Tacheyde / Takala Tacheido / Takalla Ta Cheidei,31PNP 平埔族群,F 重要人物
1397,Tasardor / Tassadoor Poele / Jasadoor Poelo / Ta Sardoor Poclo,31PNP 平埔族群,F 重要人物
1396,阿蒲,31PNP 平埔族群,F 重要人物
1395,阿嘓,31PNP 平埔族群,F 重要人物
1394,金寧,31PNP 平埔族群,F 重要人物
1393,加臘,31PNP 平埔族群,F 重要人物
1392,眉仔,31PNP 平埔族群,F 重要人物
1391,孩灣,31PNP 平埔族群,F 重要人物
1390,蛤肉（大武郡社）,31PNP 平埔族群,F 重要人物
1389,Tahalacheydey,31PNP 平埔族群,F 重要人物
1388,Tabottelye / Tabottelij / Tabottely / Tabottaley,31PNP 平埔族群,F 重要人物
1387,Tarabeyaula,31PNP 平埔族群,F 重要人物
1386,Taboroal / Taboroa,31PNP 平埔族群,F 重要人物
1385,Taboro-AI / Tavoro A1,31PNP 平埔族群,F 重要人物
1384,Tabotteley / Tabatteley,31PNP 平埔族群,F 重要人物
1383,打留未說,31PNP 平埔族群,F 重要人物
1382,蒲大夷,31PNP 平埔族群,F 重要人物
1381,梅知臘,31PNP 平埔族群,F 重要人物
1380,巴難臘,31PNP 平埔族群,F 重要人物
1379,蛤目,31PNP 平埔族群,F 重要人物
1378,打劉巫士,31PNP 平埔族群,F 重要人物
1377,蛤知臘,31PNP 平埔族群,F 重要人物
1376,Darrodey Bisoua / Barrodey Bisoua,31PNP 平埔族群,F 重要人物
1375,Tachalis,31PNP 平埔族群,F 重要人物
1374,Tachala Tacheilosbauon / Tachala Tacheiolis Baon / Ta Chala Tacheiolis Baon,31PNP 平埔族群,F 重要人物
1373,Thala Hieloes,31PNP 平埔族群,F 重要人物
1372,Tago Taraudey,31PNP 平埔族群,F 重要人物
1371,顏成,31PNP 平埔族群,F 重要人物
1370,潘從龍,31PNP 平埔族群,F 重要人物
1369,蛤肉（馬芝遴社）,31PNP 平埔族群,F 重要人物
1368,阿書,31PNP 平埔族群,F 重要人物
1367,璠田,31PNP 平埔族群,F 重要人物
1366,璠寶,31PNP 平埔族群,F 重要人物
1365,阿力（馬芝遴社）,31PNP 平埔族群,F 重要人物
1364,山里猫夷,31PNP 平埔族群,F 重要人物
1363,Tabei Beilimo / Tabei Bailimo / Tabei Bailime,31PNP 平埔族群,F 重要人物
1362,Tabeyopar / Tabeiovar,31PNP 平埔族群,F 重要人物
1361,Tagogobassi / Tagogovasje / Tagobasie / Tagabasie / Tagagoe Basia / Tegogol Bassi / Tagagol Bassy,31PNP 平埔族群,F 重要人物
1360,Tabeilimo,31PNP 平埔族群,F 重要人物
1359,肥轆仔,31PNP 平埔族群,F 重要人物
1358,味箸典,31PNP 平埔族群,F 重要人物
1357,潘在仁,31PNP 平埔族群,F 重要人物
1356,高阿六萬,31PNP 平埔族群,F 重要人物
1355,阿劳萬猫味,31PNP 平埔族群,F 重要人物
1354,阿甲沙魯都,31PNP 平埔族群,F 重要人物
1353,由皆乃,31PNP 平埔族群,F 重要人物
1352,Takaulataulac / Tackaulatoulach,31PNP 平埔族群,F 重要人物
1351,Tabei Babis,31PNP 平埔族群,F 重要人物
1350,Teido Babis / Teydo Babis,31PNP 平埔族群,F 重要人物
1349,Talack Babis / Talackbabis,31PNP 平埔族群,F 重要人物
1348,Tallagh / Talagh,31PNP 平埔族群,F 重要人物
1347,高古文,31PNP 平埔族群,F 重要人物
1346,玉振,31PNP 平埔族群,F 重要人物
1345,大賓株,31PNP 平埔族群,F 重要人物
1344,大宇眉著,31PNP 平埔族群,F 重要人物
1343,阿甲清,31PNP 平埔族群,F 重要人物
1342,大宇澤,31PNP 平埔族群,F 重要人物
1341,阿朥萬老兀,31PNP 平埔族群,F 重要人物
1340,阿朥萬志目,31PNP 平埔族群,F 重要人物
1339,烏獵沙里,31PNP 平埔族群,F 重要人物
1338,大宇,31PNP 平埔族群,F 重要人物
1337,甘仔轄（水裡社）,31PNP 平埔族群,F 重要人物
1336,Teydoedor / Teycoedor / Teytoedoor,31PNP 平埔族群,F 重要人物
1335,Tau Tau Kallas,31PNP 平埔族群,F 重要人物
1334,Dacaula Delia / Dacaudelia,31PNP 平埔族群,F 重要人物
1333,Kauladella,31PNP 平埔族群,F 重要人物
1332,Taubacheas,31PNP 平埔族群,F 重要人物
1331,大雨麟仁,31PNP 平埔族群,F 重要人物
1330,烏蚋大甲,31PNP 平埔族群,F 重要人物
1329,蒲氏春,31PNP 平埔族群,F 重要人物
1328,愛箸春,31PNP 平埔族群,F 重要人物
1327,大宇瓦厘,31PNP 平埔族群,F 重要人物
1326,阿眉悅,31PNP 平埔族群,F 重要人物
1325,汝車鹿,31PNP 平埔族群,F 重要人物
1324,六仔蜜,31PNP 平埔族群,F 重要人物
1323,蒲氏權,31PNP 平埔族群,F 重要人物
1322,瓦厘□,31PNP 平埔族群,F 重要人物
1321,□□武生,31PNP 平埔族群,F 重要人物
1320,武厘□□,31PNP 平埔族群,F 重要人物
1319,烏蚋打毛,31PNP 平埔族群,F 重要人物
1318,烏蚋四老,31PNP 平埔族群,F 重要人物
1317,□箸罵,31PNP 平埔族群,F 重要人物
1316,大斗耳,31PNP 平埔族群,F 重要人物
1315,大武厘山,31PNP 平埔族群,F 重要人物
1314,尖寧拔,31PNP 平埔族群,F 重要人物
1313,蒲氏打毛,31PNP 平埔族群,F 重要人物
1312,愛著蛤肉,31PNP 平埔族群,F 重要人物
1311,加獵耳大平,31PNP 平埔族群,F 重要人物
1310,Tacaulababis / Ta Caula Babis / Takanda Babis / Takaula Babis,31PNP 平埔族群,F 重要人物
1309,Lausidoor / Pausidoor,31PNP 平埔族群,F 重要人物
1308,金石悅,31PNP 平埔族群,F 重要人物
1307,炎榮悅,31PNP 平埔族群,F 重要人物
1306,清江悅,31PNP 平埔族群,F 重要人物
1305,媽慶泰,31PNP 平埔族群,F 重要人物
1304,阿萬罵,31PNP 平埔族群,F 重要人物
1303,烏蚋笠,31PNP 平埔族群,F 重要人物
1302,烏臘大耳,31PNP 平埔族群,F 重要人物
1301,蒲氏巴禮,31PNP 平埔族群,F 重要人物
1300,眉汝下,31PNP 平埔族群,F 重要人物
1299,蒲氏悅,31PNP 平埔族群,F 重要人物
1298,Tauba Camoes,31PNP 平埔族群,F 重要人物
1297,Toubababa / Tauba Bata,31PNP 平埔族群,F 重要人物
1296,Camachat lboelich / Chamachat Ibolick,31PNP 平埔族群,F 重要人物
1295,Tarroka / Tarrouka,31PNP 平埔族群,F 重要人物
1294,Tarouka Bligh / Ta Bourokabhingh / Ta Rourokobligh,31PNP 平埔族群,F 重要人物
1293,疏葉雙蓋蕨,21PAN 泛族群,B 民族動植物
1288,台灣青芋,21PAN 泛族群,B 民族動植物
1287,施朝英,31PNP 平埔族群,F 重要人物
1024,馬卡納奇戰役（大辭典舊有詞條）,2T 泰雅族Tayal,H 歷史事件
1280,烏鴉的祖先（大辭典舊有詞條）,5P 卑南族Pinuyumayan,Y 神話傳說
1025,馬利光戰役（大辭典舊有詞條）,2T 泰雅族Tayal,H 歷史事件
1281,馬扎嘎扎告（大辭典舊有詞條）,3W 排灣族Paiwan,Y 神話傳說
1026,馬拉邦戰役（大辭典舊有詞條）,2T 泰雅族Tayal,H 歷史事件
1282,太魯閣族服飾（大辭典舊有詞條）,12U 太魯閣族Truku,M 物質文化
1027,摩天嶺戰役（大辭典舊有詞條）,2T 泰雅族Tayal,H 歷史事件
1283,平埔族服飾（大辭典舊有詞條）,31PNP 平埔族群,M 物質文化
1028,巴達茵（大辭典舊有詞條）,3W 排灣族Paiwan,K 生活空間
1284,邵族服飾（大辭典舊有詞條）,10O 邵族Thau,M 物質文化
1029,火藥筒（大辭典舊有詞條）,3W 排灣族Paiwan,M 物質文化
1285,撒奇萊雅族服飾（大辭典舊有詞條）,13Z 撒奇萊雅族Sakizaya,M 物質文化
1030,kinitjavangan（代管者）（大辭典舊有詞條）,3W 排灣族Paiwan,S 社會組織
1286,賽夏族服飾（大辭典舊有詞條）,8S 賽夏族SaySiyat,M 物質文化
1031,zemala（召喚亡魂）（大辭典舊有詞條）,3W 排灣族Paiwan,L 生活禮俗
1032,vencik （書寫）（大辭典舊有詞條）,3W 排灣族Paiwan,M 物質文化
1033,祭壇（大辭典舊有詞條）,3W 排灣族Paiwan,M 物質文化
1034,dripa （貴族項鍊）（大辭典舊有詞條）,3W 排灣族Paiwan,M 物質文化
1035,qaidar（雙生兒）（大辭典舊有詞條）,3W 排灣族Paiwan,L 生活禮俗
1036,刑官（大辭典舊有詞條）,7C 鄒族Cou,S 社會組織
1037,emoo（宗家家屋）（大辭典舊有詞條）,7C 鄒族Cou,S 社會組織
1038,服役婚（大辭典舊有詞條）,7C 鄒族Cou,K 生活空間
1039,hosa社（大社、小社）（大辭典舊有詞條）,7C 鄒族Cou,K 生活空間
1040,yuozomʉ（戰爭首長）（大辭典舊有詞條）,7C 鄒族Cou,S 社會組織
1041,maotano（戰爭裨將）（大辭典舊有詞條）,7C 鄒族Cou,S 社會組織
786,土田滋（大辭典舊有詞條）,41ATR 他族,F 重要人物
1042,人止關事件（大辭典舊有詞條）,14Q 賽德克族Seediq,H 歷史事件
787,小川尚義（大辭典舊有詞條）,41ATR 他族,F 重要人物
1043,姐妹原事件（大辭典舊有詞條）,14Q 賽德克族Seediq,H 歷史事件
788,古鄒語音韻的構擬（大辭典舊有詞條）,7C 鄒族Cou,D 重要文獻
1044,德克達雅人（大辭典舊有詞條）,14Q 賽德克族Seediq,E 族群類屬
789,台灣地名研究（大辭典舊有詞條）,21PAN 泛族群,D 重要文獻
1045,尤羅伯（大辭典舊有詞條）,41ATR 他族,F 重要人物
790,甘為霖（大辭典舊有詞條）,41ATR 他族,F 重要人物
1046,甘治士（大辭典舊有詞條）,41ATR 他族,F 重要人物
791,白樂思（大辭典舊有詞條）,41ATR 他族,F 重要人物
1047,孫雅各（大辭典舊有詞條）,31PNP 平埔族群,F 重要人物
792,李方桂（大辭典舊有詞條）,41ATR 他族,F 重要人物
1048,馬偕日記手稿（大辭典舊有詞條）,41ATR 他族,D 重要文獻
793,依斯妥‧迪恩（大辭典舊有詞條）,41ATR 他族,F 重要人物
1049,馬雅各（大辭典舊有詞條）,41ATR 他族,F 重要人物
794,彼得‧貝爾兀德（大辭典舊有詞條）,41ATR 他族,F 重要人物
1050,柯福鷗（大辭典舊有詞條）,1A 阿美族Amis,F 重要人物
795,易家樂（大辭典舊有詞條）,41ATR 他族,F 重要人物
1051,馬耀‧珥炳（大辭典舊有詞條）,1A 阿美族Amis,F 重要人物
796,南島語族（大辭典舊有詞條）,21PAN 泛族群,E 族群類屬
1052,新年祭（大辭典舊有詞條）,1A 阿美族Amis,R 信仰祭儀
797,帥德樂（大辭典舊有詞條）,41ATR 他族,F 重要人物
1053,獵鹿祭（大辭典舊有詞條）,1A 阿美族Amis,R 信仰祭儀
798,淺井惠倫（大辭典舊有詞條）,41ATR 他族,F 重要人物
1054,太魯閣族語聖經（大辭典舊有詞條）,12U 太魯閣族Truku,D 重要文獻
799,猴猴（大辭典舊有詞條）,31PNP 平埔族群,E 族群類屬
1055,台灣基督教長老教會太魯閣中會（大辭典舊有詞條）,12U 太魯閣族Truku,G 機構社團
800,奧圖‧達爾（大辭典舊有詞條）,41ATR 他族,F 重要人物
1056,李阿隆（大辭典舊有詞條）,12U 太魯閣族Truku,F 重要人物
801,新港文書（大辭典舊有詞條）,31PNP 平埔族群,Q 語言文字
1057,周玉葉（大辭典舊有詞條）,12U 太魯閣族Truku,F 重要人物
802,福爾摩莎及其住民（大辭典舊有詞條）,21PAN 泛族群,D 重要文獻
1058,哈魯格‧納威（大辭典舊有詞條）,12U 太魯閣族Truku,F 重要人物
803,遙遠的台灣（大辭典舊有詞條）,21PAN 泛族群,D 重要文獻
1059,姬望‧伊哇兒（大辭典舊有詞條）,12U 太魯閣族Truku,F 重要人物
804,龜崙（大辭典舊有詞條）,31PNP 平埔族群,K 生活空間
1060,高添旺（大辭典舊有詞條）,12U 太魯閣族Truku,F 重要人物
805,聶甫斯基（大辭典舊有詞條）,41ATR 他族,F 重要人物
1061,廖守臣（大辭典舊有詞條）,12U 太魯閣族Truku,F 重要人物
806,張富美（大辭典舊有詞條）,8S 賽夏族SaySiyat,F 重要人物
1062,劉富昌（大辭典舊有詞條）,12U 太魯閣族Truku,F 重要人物
807,張慶昌（大辭典舊有詞條）,8S 賽夏族SaySiyat,F 重要人物
1063,成廣澳事件（大辭典舊有詞條）,1A 阿美族Amis,H 歷史事件
808,佩袋（大辭典舊有詞條）,1A 阿美族Amis,M 物質文化
1064,谷拉斯‧馬亨亨（大辭典舊有詞條）,1A 阿美族Amis,F 重要人物
809,銀盔（大辭典舊有詞條）,9Y 雅美族Yami,M 物質文化
1065,能高棒球隊（大辭典舊有詞條）,21PAN 泛族群,G 機構社團
810,臀鈴（大辭典舊有詞條）,8S 賽夏族SaySiyat,M 物質文化
1066,情人袋（大辭典舊有詞條）,1A 阿美族Amis,M 物質文化
811,織布機（大辭典舊有詞條）,21PAN 泛族群,M 物質文化
1067,日阿拐（大辭典舊有詞條）,8S 賽夏族SaySiyat,F 重要人物
812,土台屋（大辭典舊有詞條）,31PNP 平埔族群,M 物質文化
1068,北埔事件（大辭典舊有詞條）,8S 賽夏族SaySiyat,H 歷史事件
813,干闌屋（大辭典舊有詞條）,31PNP 平埔族群,M 物質文化
1069,收養（大辭典舊有詞條）,8S 賽夏族SaySiyat,L 生活禮俗
814,虎尾寮（大辭典舊有詞條）,31PNP 平埔族群,M 物質文化
1070,趙明政（大辭典舊有詞條）,8S 賽夏族SaySiyat,F 重要人物
815,知母六（大辭典舊有詞條）,31PNP 平埔族群,F 重要人物
1071,巴卡哈‧布果禾（大辭典舊有詞條）,14Q 賽德克族Seediq,F 重要人物
816,南崁四社（大辭典舊有詞條）,31PNP 平埔族群,K 生活空間
1072,瓦歷斯‧布尼（大辭典舊有詞條）,14Q 賽德克族Seediq,F 重要人物
817,道卡斯族（大辭典舊有詞條）,31PNP 平埔族群,E 族群類屬
1073,達多‧諾幹（大辭典舊有詞條）,14Q 賽德克族Seediq,F 重要人物
818,霄裡社（大辭典舊有詞條）,31PNP 平埔族群,K 生活空間
1074,秀姑巒阿美（大辭典舊有詞條）,1A 阿美族Amis,E 族群類屬
819,十三行遺址（大辭典舊有詞條）,31PNP 平埔族群,T 考古遺址
1075,南勢阿美（大辭典舊有詞條）,1A 阿美族Amis,E 族群類屬
820,台灣新石器時代（大辭典舊有詞條）,21PAN 泛族群,T 考古遺址
1076,恆春阿美（大辭典舊有詞條）,1A 阿美族Amis,E 族群類屬
821,台灣鐵器時代（大辭典舊有詞條）,21PAN 泛族群,T 考古遺址
1077,海岸阿美（大辭典舊有詞條）,1A 阿美族Amis,E 族群類屬
822,南仁山遺址（大辭典舊有詞條）,3W 排灣族Paiwan,T 考古遺址
1078,馬蘭阿美（大辭典舊有詞條）,1A 阿美族Amis,E 族群類屬
823,南科國小遺址（大辭典舊有詞條）,31PNP 平埔族群,T 考古遺址
1079,綠島（大辭典舊有詞條）,1A 阿美族Amis,K 生活空間
824,淇武蘭遺址（大辭典舊有詞條）,31PNP 平埔族群,T 考古遺址
1080,白水溪事件（大辭典舊有詞條）,31PNP 平埔族群,H 歷史事件
825,惠來里遺址（大辭典舊有詞條）,21PAN 泛族群,T 考古遺址
1081,李庥（大辭典舊有詞條）,41ATR 他族,F 重要人物
826,港口遺址（大辭典舊有詞條）,1A 阿美族Amis,T 考古遺址
1082,李順義（大辭典舊有詞條）,31PNP 平埔族群,F 重要人物
827,蔦松遺址（大辭典舊有詞條）,31PNP 平埔族群,T 考古遺址
1083,胡文池（大辭典舊有詞條）,41ATR 他族,F 重要人物
828,龜山遺址（大辭典舊有詞條）,21PAN 泛族群,T 考古遺址
1084,潘明珠（大辭典舊有詞條）,31PNP 平埔族群,F 重要人物
829,撒奇萊雅正名運動（大辭典舊有詞條）,13Z 撒奇萊雅族Sakizaya,H 歷史事件
1085,靠番仔勢（大辭典舊有詞條）,31PNP 平埔族群,H 歷史事件
830,撒奇萊雅族（大辭典舊有詞條）,13Z 撒奇萊雅族Sakizaya,E 族群類屬
1086,駱先春（大辭典舊有詞條）,41ATR 他族,F 重要人物
831,八通關古道（大辭典舊有詞條）,21PAN 泛族群,T 考古遺址
1087,劉斌雄（大辭典舊有詞條）,41ATR 他族,F 重要人物
832,五年理蕃事業（大辭典舊有詞條）,21PAN 泛族群,P 法政經濟
1088,衛惠林（大辭典舊有詞條）,41ATR 他族,F 重要人物
833,潘文杰（大辭典舊有詞條）,31PNP 平埔族群,F 重要人物
1089,太陽水（大辭典舊有詞條）,6R 魯凱族Rukai,R 信仰祭儀
834,部落（大辭典舊有詞條）,21PAN 泛族群,K 生活空間
1090,北大武山（大辭典舊有詞條）,6R 魯凱族Rukai,K 生活空間
835,把思報（大辭典舊有詞條）,11K 噶瑪蘭族Kebalan,R 信仰祭儀
1091,西魯凱群（大辭典舊有詞條）,6R 魯凱族Rukai,E 族群類屬
836,日月潭（大辭典舊有詞條）,10O 邵族Thau,K 生活空間
1092,男友惜別禮（大辭典舊有詞條）,6R 魯凱族Rukai,L 生活禮俗
837,毛天福（大辭典舊有詞條）,10O 邵族Thau,F 重要人物
1093,東魯凱群（大辭典舊有詞條）,6R 魯凱族Rukai,E 族群類屬
838,水沙連（大辭典舊有詞條）,10O 邵族Thau,E 族群類屬
1094,tinutakane（長嗣）（大辭典舊有詞條）,6R 魯凱族Rukai,S 社會組織
839,水沙連六社（大辭典舊有詞條）,10O 邵族Thau,K 生活空間
1095,langudadaane（附屬屋）（大辭典舊有詞條）,6R 魯凱族Rukai,K 生活空間
840,拉魯島（大辭典舊有詞條）,10O 邵族Thau,K 生活空間
1096,drumane ka swalupu（附屬貢賦）（大辭典舊有詞條）,6R 魯凱族Rukai,P 法政經濟
841,杵音（大辭典舊有詞條）,10O 邵族Thau,A 藝術文化
1097,哀歌（大辭典舊有詞條）,6R 魯凱族Rukai,L 生活禮俗
842,思麻丹（大辭典舊有詞條）,10O 邵族Thau,E 族群類屬
1098,特權讓予稅（大辭典舊有詞條）,6R 魯凱族Rukai,P 法政經濟
843,茄苳樹王（大辭典舊有詞條）,10O 邵族Thau,Y 神話傳說
1099,祖母山（大辭典舊有詞條）,6R 魯凱族Rukai,K 生活空間
844,骨宗事件（大辭典舊有詞條）,10O 邵族Thau,H 歷史事件
1100,maaceacebe / waacebe（送禮）（大辭典舊有詞條）,6R 魯凱族Rukai,L 生活禮俗
845,郭百年事件（大辭典舊有詞條）,10O 邵族Thau,H 歷史事件
1101,鬼湖（大辭典舊有詞條）,6R 魯凱族Rukai,K 生活空間
846,黃漢（大辭典舊有詞條）,10O 邵族Thau,F 重要人物
1102,taidridringanane（鬼靈域區）（大辭典舊有詞條）,6R 魯凱族Rukai,R 信仰祭儀
847,德化社（大辭典舊有詞條）,10O 邵族Thau,K 生活空間
1103,matatwalrevege（假結婚儀式）（大辭典舊有詞條）,6R 魯凱族Rukai,L 生活禮俗
848,舊社（大辭典舊有詞條）,10O 邵族Thau,K 生活空間
1104,tayeleleane ki cekele（部落組成）（大辭典舊有詞條）,6R 魯凱族Rukai,S 社會組織
849,社學（大辭典舊有詞條）,31PNP 平埔族群,Ed 教育
1105,pasiamalraw（報喪）（大辭典舊有詞條）,6R 魯凱族Rukai,L 生活禮俗
850,教冊仔（大辭典舊有詞條）,31PNP 平埔族群,Q 語言文字
1106,palrawlraw（無報酬互助）（大辭典舊有詞條）,6R 魯凱族Rukai,L 生活禮俗
851,鹿皮（大辭典舊有詞條）,31PNP 平埔族群,M 物質文化
1107,puku si manemane ki talialalay（貴族權利）（大辭典舊有詞條）,6R 魯凱族Rukai,S 社會組織
852,番社采風圖考（大辭典舊有詞條）,31PNP 平埔族群,D 重要文獻
1108,階級制度（大辭典舊有詞條）,6R 魯凱族Rukai,S 社會組織
853,番俗六考（大辭典舊有詞條）,31PNP 平埔族群,D 重要文獻
1109,新娘哭禮（大辭典舊有詞條）,6R 魯凱族Rukai,L 生活禮俗
854,番契（大辭典舊有詞條）,31PNP 平埔族群,P 法政經濟
1110,會聘禮（大辭典舊有詞條）,6R 魯凱族Rukai,L 生活禮俗
855,會飲（大辭典舊有詞條）,31PNP 平埔族群,L 生活禮俗
1111,誇功歌（大辭典舊有詞條）,6R 魯凱族Rukai,L 生活禮俗
856,賜姓政策（大辭典舊有詞條）,31PNP 平埔族群,P 法政經濟
1112,隘寮溪（大辭典舊有詞條）,6R 魯凱族Rukai,L 生活禮俗
857,十八嬲（大辭典舊有詞條）,31PNP 平埔族群,L 生活禮俗
1113,bengelrai / civare（榮譽冠）（大辭典舊有詞條）,6R 魯凱族Rukai,M 物質文化
858,礁吧哖事件（大辭典舊有詞條）,31PNP 平埔族群,H 歷史事件
1114,澤利先（大辭典舊有詞條）,6R 魯凱族Rukai,E 族群類屬
859,羅漢門（大辭典舊有詞條）,31PNP 平埔族群,K 生活空間
1115,濁口溪（大辭典舊有詞條）,6R 魯凱族Rukai,K 生活空間
860,cikawasay（祭師） （大辭典舊有詞條）,1A 阿美族Amis,R 信仰祭儀
1116,嬰孩歸男方儀式（大辭典舊有詞條）,6R 魯凱族Rukai,L 生活禮俗
861,pabatis（分肉）（大辭典舊有詞條）,13Z 撒奇萊雅族Sakizaya,L 生活禮俗
1117,織布屋（大辭典舊有詞條）,6R 魯凱族Rukai,K 生活空間
862,牛山（大辭典舊有詞條）,13Z 撒奇萊雅族Sakizaya,K 生活空間
1118,霧台抗日事件（大辭典舊有詞條）,6R 魯凱族Rukai,H 歷史事件
863,Komod Pazik（古穆德‧巴吉克）（大辭典舊有詞條）,13Z 撒奇萊雅族Sakizaya,F 重要人物
1119,屈尺群（大辭典舊有詞條）,2T 泰雅族Tayal,E 族群類屬
864,收藏祭（大辭典舊有詞條）,13Z 撒奇萊雅族Sakizaya,R 信仰祭儀
1120,林瑞昌（大辭典舊有詞條）,2T 泰雅族Tayal,F 重要人物
865,Nalomaan （那魯馬岸）（大辭典舊有詞條）,13Z 撒奇萊雅族Sakizaya,K 生活空間
1121,南澳群（大辭典舊有詞條）,2T 泰雅族Tayal,E 族群類屬
866,佳山基地事件（大辭典舊有詞條）,13Z 撒奇萊雅族Sakizaya,H 歷史事件
1122,除罪（大辭典舊有詞條）,2T 泰雅族Tayal,R 信仰祭儀
867,奇萊樂高隊（大辭典舊有詞條）,13Z 撒奇萊雅族Sakizaya,G 機構社團
1123,馬里光群（大辭典舊有詞條）,2T 泰雅族Tayal,E 族群類屬
868,Tiway Sayion（帝瓦伊‧撒耘）（大辭典舊有詞條）,13Z 撒奇萊雅族Sakizaya,F 重要人物
1124,溪頭群（大辭典舊有詞條）,2T 泰雅族Tayal,E 族群類屬
869,帝瓦伊撒耘文化藝術基金會（大辭典舊有詞條）,13Z 撒奇萊雅族Sakizaya,G 機構社團
1125,反蘭嶼國家公園運動（大辭典舊有詞條）,9Y 雅美族Yami,H 歷史事件
870,烤肉（大辭典舊有詞條）,13Z 撒奇萊雅族Sakizaya,L 生活禮俗
1126,巴丹島（大辭典舊有詞條）,9Y 雅美族Yami,K 生活空間
871,高幸一（大辭典舊有詞條）,13Z 撒奇萊雅族Sakizaya,F 重要人物
1127,巴那巴那樣（大辭典舊有詞條）,5P 卑南族Pinuyumayan,K 生活空間
872,掃叭石柱（大辭典舊有詞條）,13Z 撒奇萊雅族Sakizaya,T 考古遺址
1128,巴格浪卅漁撈祭（大辭典舊有詞條）,1A 阿美族Amis,R 信仰祭儀
873,掃叭隧道（大辭典舊有詞條）,13Z 撒奇萊雅族Sakizaya,K 生活空間
1129,木梳（大辭典舊有詞條）,3W 排灣族Paiwan,M 物質文化
874,魚筌（大辭典舊有詞條）,13Z 撒奇萊雅族Sakizaya,M 物質文化
1130,木匙（大辭典舊有詞條）,3W 排灣族Paiwan,M 物質文化
875,達固湖灣事件（大辭典舊有詞條）,13Z 撒奇萊雅族Sakizaya,H 歷史事件
1131,火塘（大辭典舊有詞條）,1A 阿美族Amis,M 物質文化
876,歌舞（大辭典舊有詞條）,13Z 撒奇萊雅族Sakizaya,A 藝術文化
1132,交換關係（大辭典舊有詞條）,9Y 雅美族Yami,P 法政經濟
877,彈弓（大辭典舊有詞條）,13Z 撒奇萊雅族Sakizaya,M 物質文化
1133,竹鼓（大辭典舊有詞條）,9Y 雅美族Yami,A 藝術文化
878,撒法度祭祀廣場（大辭典舊有詞條）,13Z 撒奇萊雅族Sakizaya,K 生活空間
1134,羊角雕飾品（大辭典舊有詞條）,9Y 雅美族Yami,M 物質文化
879,播粟祭（大辭典舊有詞條）,13Z 撒奇萊雅族Sakizaya,R 信仰祭儀
1135,男性勇士舞（大辭典舊有詞條）,9Y 雅美族Yami,A 藝術文化
880,數數歌（大辭典舊有詞條）,13Z 撒奇萊雅族Sakizaya,A 藝術文化
1136,卑南八社（大辭典舊有詞條）,5P 卑南族Pinuyumayan,E 族群類屬
881,噶瑪蘭族與撒奇萊雅族結盟（大辭典舊有詞條）,13Z 撒奇萊雅族Sakizaya,H 歷史事件
1137,宗柱（大辭典舊有詞條）,9Y 雅美族Yami,M 物質文化
882,頭目演講石（大辭典舊有詞條）,13Z 撒奇萊雅族Sakizaya,K 生活空間
1138,拍手歌會（大辭典舊有詞條）,9Y 雅美族Yami,L 生活禮俗
883,膽小的小黑鬼（大辭典舊有詞條）,13Z 撒奇萊雅族Sakizaya,R 信仰祭儀
1139,泥偶（大辭典舊有詞條）,9Y 雅美族Yami,M 物質文化
884,蟹人（大辭典舊有詞條）,13Z 撒奇萊雅族Sakizaya,Y 神話傳說
1140,金銀工藝（大辭典舊有詞條）,9Y 雅美族Yami,M 物質文化
885,糯米糕（大辭典舊有詞條）,13Z 撒奇萊雅族Sakizaya,M 物質文化
1141,阿尼度（大辭典舊有詞條）,9Y 雅美族Yami,R 信仰祭儀
886,emmu masu / hlama masu / smapuh masu（小米糕療法）（大辭典舊有詞條）,12U 太魯閣族Truku,R 信仰祭儀
1142,勇士舞（大辭典舊有詞條）,1A 阿美族Amis,A 藝術文化
887,反亞泥（大辭典舊有詞條）,12U 太魯閣族Truku,H 歷史事件
1143,哈莫（大辭典舊有詞條）,7C 鄒族Cou,R 信仰祭儀
888,太魯閣正名運動（大辭典舊有詞條）,12U 太魯閣族Truku,H 歷史事件
1144,拼板舟（大辭典舊有詞條）,9Y 雅美族Yami,M 物質文化
889,太魯閣族（大辭典舊有詞條）,12U 太魯閣族Truku,E 族群類屬
1145,拼板舟裝飾物（大辭典舊有詞條）,9Y 雅美族Yami,M 物質文化
890,太魯閣族還我土地運動（大辭典舊有詞條）,12U 太魯閣族Truku,H 歷史事件
1146,祈那福（大辭典舊有詞條）,3W 排灣族Paiwan,M 物質文化
891,木槍（大辭典舊有詞條）,12U 太魯閣族Truku,M 物質文化
1147,祈禱小米豐收歌（大辭典舊有詞條）,4B 布農族Bunun,A 藝術文化
892,水誓（大辭典舊有詞條）,12U 太魯閣族Truku,L 生活禮俗
1148,美船事件（大辭典舊有詞條）,9Y 雅美族Yami,H 歷史事件
893,白狗群（大辭典舊有詞條）,2T 泰雅族Tayal,E 族群類屬
1149,飛魚祭（大辭典舊有詞條）,9Y 雅美族Yami,R 信仰祭儀
894,Jiyan Yabu（吉揚‧雅部）（大辭典舊有詞條）,12U 太魯閣族Truku,F 重要人物
1150,馬偕（大辭典舊有詞條）,41ATR 他族,F 重要人物
895,利有亨戰役（大辭典舊有詞條）,2T 泰雅族Tayal,H 歷史事件
1151,婚姻昇降法則（大辭典舊有詞條）,3W 排灣族Paiwan,S 社會組織
896,Sibal Watan（希峇爾‧瓦旦）（大辭典舊有詞條）,12U 太魯閣族Truku,F 重要人物
1152,魚槍（大辭典舊有詞條）,9Y 雅美族Yami,M 物質文化
897,沙拉茂戰役（大辭典舊有詞條）,2T 泰雅族Tayal,H 歷史事件
1153,報戰功（大辭典舊有詞條）,4B 布農族Bunun,R 信仰祭儀
898,奇萊北峰（大辭典舊有詞條）,12U 太魯閣族Truku,K 生活空間
1154,黑潮（大辭典舊有詞條）,9Y 雅美族Yami,K 生活空間
899,東台灣太魯閣小史（大辭典舊有詞條）,12U 太魯閣族Truku,D 重要文獻
1155,新美農場事件（大辭典舊有詞條）,7C 鄒族Cou,H 歷史事件
900,花蓮縣阿美族部落的形成與變遷（大辭典舊有詞條）,1A 阿美族Amis,D 重要文獻
1156,新船下水禮（大辭典舊有詞條）,9Y 雅美族Yami,R 信仰祭儀
901,牲祭品（大辭典舊有詞條）,12U 太魯閣族Truku,R 信仰祭儀
1157,腰鈴（大辭典舊有詞條）,1A 阿美族Amis,A 藝術文化
902,泰雅族東賽德克群的部落遷徙與分佈（大辭典舊有詞條）,12U 太魯閣族Truku,D 重要文獻
1158,魯富都（大辭典舊有詞條）,7C 鄒族Cou,K 生活空間
903,hmici kari / hmici rmuba（祖先的詛咒）（大辭典舊有詞條）,12U 太魯閣族Truku,R 信仰祭儀
1159,頭髮舞（大辭典舊有詞條）,9Y 雅美族Yami,A 藝術文化
904,sdma（祖靈附身）（大辭典舊有詞條）,12U 太魯閣族Truku,R 信仰祭儀
1160,禮杖（大辭典舊有詞條）,9Y 雅美族Yami,M 物質文化
905,馬那烏洋戰役（大辭典舊有詞條）,2T 泰雅族Tayal,H 歷史事件
1161,蘭巴交流（大辭典舊有詞條）,9Y 雅美族Yami,H 歷史事件
906,都達（大辭典舊有詞條）,14Q 賽德克族Seediq,E 族群類屬
1162,蘭嶼（大辭典舊有詞條）,9Y 雅美族Yami,K 生活空間
907,環山戰役（大辭典舊有詞條）,2T 泰雅族Tayal,H 歷史事件
1163,大甲西社事件（大辭典舊有詞條）,31PNP 平埔族群,H 歷史事件
908,bhring / peeru bhring / ppangan bhring（靈質）（大辭典舊有詞條）,12U 太魯閣族Truku,R 信仰祭儀
1164,巴宰族（大辭典舊有詞條）,31PNP 平埔族群,E 族群類屬
909,招飛魚祭（大辭典舊有詞條）,9Y 雅美族Yami,R 信仰祭儀
1165,水社「化番」（大辭典舊有詞條）,31PNP 平埔族群,E 族群類屬
910,人魚戀（大辭典舊有詞條）,5P 卑南族Pinuyumayan,Y 神話傳說
1166,岸裡大社（大辭典舊有詞條）,31PNP 平埔族群,K 生活空間
911,人鹿戀（大辭典舊有詞條）,5P 卑南族Pinuyumayan,Y 神話傳說
1167,拍瀑拉族（大辭典舊有詞條）,31PNP 平埔族群,E 族群類屬
912,人變山羊（大辭典舊有詞條）,5P 卑南族Pinuyumayan,Y 神話傳說
1168,阿莫（大辭典舊有詞條）,31PNP 平埔族群,F 重要人物
913,人變榕樹（大辭典舊有詞條）,5P 卑南族Pinuyumayan,Y 神話傳說
1169,埔眉番（大辭典舊有詞條）,31PNP 平埔族群,E 族群類屬
914,大巴六九事件（大辭典舊有詞條）,5P 卑南族Pinuyumayan,H 歷史事件
1170,張達京（大辭典舊有詞條）,31PNP 平埔族群,F 重要人物
915,女陰長齒（大辭典舊有詞條）,5P 卑南族Pinuyumayan,Y 神話傳說
1171,潘賢文（大辭典舊有詞條）,31PNP 平埔族群,F 重要人物
916,內本鹿和解（大辭典舊有詞條）,5P 卑南族Pinuyumayan,H 歷史事件
1172,遷善南北社祭祀公業（大辭典舊有詞條）,31PNP 平埔族群,G 機構社團
917,少女變魚（大辭典舊有詞條）,5P 卑南族Pinuyumayan,Y 神話傳說
1173,樸仔離社（大辭典舊有詞條）,31PNP 平埔族群,K 生活空間
918,兄妹變鳥（大辭典舊有詞條）,5P 卑南族Pinuyumayan,Y 神話傳說
1174,貓霧拺社（大辭典舊有詞條）,31PNP 平埔族群,K 生活空間
919,布法力甚（大辭典舊有詞條）,5P 卑南族Pinuyumayan,L 生活禮俗
1175,凱旋宴（大辭典舊有詞條）,2T 泰雅族Tayal,R 信仰祭儀
920,tinar（生鐵鍋片）（大辭典舊有詞條）,5P 卑南族Pinuyumayan,M 物質文化
1176,盟約（大辭典舊有詞條）,2T 泰雅族Tayal,L 生活禮俗
921,成巫儀式（大辭典舊有詞條）,5P 卑南族Pinuyumayan,R 信仰祭儀
1177,醃肉（大辭典舊有詞條）,2T 泰雅族Tayal,M 物質文化
922,呂家望事件（大辭典舊有詞條）,5P 卑南族Pinuyumayan,H 歷史事件
1178,養婚（大辭典舊有詞條）,2T 泰雅族Tayal,L 生活禮俗
923,巫師團（大辭典舊有詞條）,5P 卑南族Pinuyumayan,R 信仰祭儀
1179,比來事件（大辭典舊有詞條）,8S 賽夏族SaySiyat,H 歷史事件
924,巫袋（大辭典舊有詞條）,5P 卑南族Pinuyumayan,M 物質文化
1180,西煞事件（大辭典舊有詞條）,8S 賽夏族SaySiyat,H 歷史事件
925,巫鈴（大辭典舊有詞條）,5P 卑南族Pinuyumayan,M 物質文化
1181,塗泥儀式（大辭典舊有詞條）,8S 賽夏族SaySiyat,R 信仰祭儀
926,知本利嘉鬩牆事件（大辭典舊有詞條）,5P 卑南族Pinuyumayan,H 歷史事件
1182,饋糧（大辭典舊有詞條）,8S 賽夏族SaySiyat,R 信仰祭儀
927,盾牌（大辭典舊有詞條）,5P 卑南族Pinuyumayan,M 物質文化
1183,氏族分工（大辭典舊有詞條）,10O 邵族Thau,S 社會組織
928,除喪祭（大辭典舊有詞條）,5P 卑南族Pinuyumayan,R 信仰祭儀
1184,水社（大辭典舊有詞條）,10O 邵族Thau,K 生活空間
929,馬智禮（大辭典舊有詞條）,5P 卑南族Pinuyumayan,F 重要人物
1185,年祭爐主（大辭典舊有詞條）,10O 邵族Thau,R 信仰祭儀
930,排鈴（大辭典舊有詞條）,5P 卑南族Pinuyumayan,A 藝術文化
1186,最高祖靈（大辭典舊有詞條）,10O 邵族Thau,R 信仰祭儀
931,祭珠（大辭典舊有詞條）,5P 卑南族Pinuyumayan,M 物質文化
1187,猫蘭社（大辭典舊有詞條）,10O 邵族Thau,K 生活空間
932,Ruvuwa’an（陸發岸)（大辭典舊有詞條）,5P 卑南族Pinuyumayan,K 生活空間
1188,達戈紋（大辭典舊有詞條）,10O 邵族Thau,M 物質文化
933,筒型背鈴（大辭典舊有詞條）,5P 卑南族Pinuyumayan,M 物質文化
1189,審鹿社（大辭典舊有詞條）,10O 邵族Thau,K 生活空間
934,滑地之戰（大辭典舊有詞條）,5P 卑南族Pinuyumayan,H 歷史事件
1190,整田祭（大辭典舊有詞條）,10O 邵族Thau,R 信仰祭儀
935,雷公火之役（大辭典舊有詞條）,5P 卑南族Pinuyumayan,H 歷史事件
1191,頭社（大辭典舊有詞條）,10O 邵族Thau,K 生活空間
936,彈酒（大辭典舊有詞條）,5P 卑南族Pinuyumayan,R 信仰祭儀
1192,長嗣繼承制度（大辭典舊有詞條）,3W 排灣族Paiwan,S 社會組織
937,靈祲現象（大辭典舊有詞條）,5P 卑南族Pinuyumayan,R 信仰祭儀
1193,連杯（大辭典舊有詞條）,3W 排灣族Paiwan,M 物質文化
938,卑南遺址（大辭典舊有詞條）,21PAN 泛族群,T 考古遺址
1194,貴族階級（大辭典舊有詞條）,3W 排灣族Paiwan,S 社會組織
939,南志信（大辭典舊有詞條）,5P 卑南族Pinuyumayan,F 重要人物
1195,大肚王國（大辭典舊有詞條）,31PNP 平埔族群,K 生活空間
940,內太魯閣（大辭典舊有詞條）,12U 太魯閣族Truku,K 生活空間
1196,萬丹（大辭典舊有詞條）,31PNP 平埔族群,K 生活空間
941,外太魯閣（大辭典舊有詞條）,12U 太魯閣族Truku,K 生活空間
1197,新夥伴關係（大辭典舊有詞條）,21PAN 泛族群,D 重要文獻
942,獻祭（大辭典舊有詞條）,12U 太魯閣族Truku,R 信仰祭儀
1198,贌社制度（大辭典舊有詞條）,41ATR 他族,P 法政經濟
943,大獵祭（大辭典舊有詞條）,5P 卑南族Pinuyumayan,R 信仰祭儀
1199,新七腳川（大辭典舊有詞條）,1A 阿美族Amis,K 生活空間
944,山海文化雜誌社（大辭典舊有詞條）,21PAN 泛族群,G 機構社團
1200,賽德克族天主教台中教區（大辭典舊有詞條）,14Q 賽德克族Seediq,G 機構社團
945,巴黎外方傳教會（大辭典舊有詞條）,41ATR 他族,G 機構社團
1201,部落地圖（大辭典舊有詞條）,21PAN 泛族群,K 生活空間
946,台灣原住民族文學（大辭典舊有詞條）,21PAN 泛族群,A 藝術文化
1202,獸靈屋（大辭典舊有詞條）,13Z 撒奇萊雅族Sakizaya,M 物質文化
947,Kuralaw（姑拉老）（大辭典舊有詞條）,5P 卑南族Pinuyumayan,F 重要人物
1203,大庄人（大辭典舊有詞條）,31PNP 平埔族群,E 族群類屬
948,迎獵門（大辭典舊有詞條）,5P 卑南族Pinuyumayan,M 物質文化
1204,大庄事件（大辭典舊有詞條）,31PNP 平埔族群,H 歷史事件
949,除草完工禮（大辭典舊有詞條）,5P 卑南族Pinuyumayan,R 信仰祭儀
1205,吳光亮（大辭典舊有詞條）,31PNP 平埔族群,F 重要人物
950,婦女除草團（大辭典舊有詞條）,5P 卑南族Pinuyumayan,S 社會組織
1206,舊庄（大辭典舊有詞條）,31PNP 平埔族群,K 生活空間
951,向天湖（大辭典舊有詞條）,8S 賽夏族SaySiyat,K 生活空間
1207,觀音山事件（大辭典舊有詞條）,31PNP 平埔族群,H 歷史事件
952,石滬（大辭典舊有詞條）,31PNP 平埔族群,M 物質文化
1208,加蚋埔（大辭典舊有詞條）,31PNP 平埔族群,E 族群類屬
953,吞霄社事變（大辭典舊有詞條）,31PNP 平埔族群,H 歷史事件
1209,加匏朗（大辭典舊有詞條）,31PNP 平埔族群,E 族群類屬
954,流流舊社（大辭典舊有詞條）,11K 噶瑪蘭族Kebalan,K 生活空間
1210,年尾節（大辭典舊有詞條）,31PNP 平埔族群,R 信仰祭儀
955,Ca’hamu（札哈木）（大辭典舊有詞條）,7C 鄒族Cou,K 生活空間
1211,萬金天主教堂（大辭典舊有詞條）,31PNP 平埔族群,G 機構社團
956,Yimucu（伊姆諸）（大辭典舊有詞條）,7C 鄒族Cou,K 生活空間
1212,大武壟（大辭典舊有詞條）,31PNP 平埔族群,E 族群類屬
957,馬雅（大辭典舊有詞條）,7C 鄒族Cou,Y 神話傳說
1213,四社熟番（大辭典舊有詞條）,31PNP 平埔族群,E 族群類屬
958,八尺門社區（大辭典舊有詞條）,1A 阿美族Amis,K 生活空間
1214,麻達（大辭典舊有詞條）,31PNP 平埔族群,S 社會組織
959,三鶯部落（大辭典舊有詞條）,1A 阿美族Amis,K 生活空間
1215,番仔田（大辭典舊有詞條）,31PNP 平埔族群,K 生活空間
960,山光社區（大辭典舊有詞條）,1A 阿美族Amis,K 生活空間
1216,番仔底（大辭典舊有詞條）,31PNP 平埔族群,E 族群類屬
961,林班地（大辭典舊有詞條）,21PAN 泛族群,P 法政經濟
1217,番親（大辭典舊有詞條）,31PNP 平埔族群,E 族群類屬
962,花東新村（大辭典舊有詞條）,1A 阿美族Amis,K 生活空間
1218,嬰兒出屋祭（大辭典舊有詞條）,3W 排灣族Paiwan,R 信仰祭儀
963,阿美族都市豐年祭（大辭典舊有詞條）,1A 阿美族Amis,R 信仰祭儀
1219,台灣鄒族語典（大辭典舊有詞條）,7C 鄒族Cou,D 重要文獻
964,海山礦災（大辭典舊有詞條）,1A 阿美族Amis,H 歷史事件
1220,特富野古道（大辭典舊有詞條）,7C 鄒族Cou,K 生活空間
965,都市頭目（大辭典舊有詞條）,1A 阿美族Amis,S 社會組織
1221,達娜伊谷（大辭典舊有詞條）,7C 鄒族Cou,K 生活空間
966,番板模（大辭典舊有詞條）,21PAN 泛族群,P 法政經濟
1222,鄒是會議（大辭典舊有詞條）,7C 鄒族Cou,H 歷史事件
967,新店中正國宅（大辭典舊有詞條）,1A 阿美族Amis,K 生活空間
1223,大分駐在所（大辭典舊有詞條）,4B 布農族Bunun,K 生活空間
968,礦工（大辭典舊有詞條）,21PAN 泛族群,P 法政經濟
1224,拉荷阿雷（大辭典舊有詞條）,4B 布農族Bunun,F 重要人物
969,木神祭（大辭典舊有詞條）,13Z 撒奇萊雅族Sakizaya,R 信仰祭儀
1225,喀西帕南事件（大辭典舊有詞條）,4B 布農族Bunun,H 歷史事件
970,獵首笛（大辭典舊有詞條）,12U 太魯閣族Truku,A 藝術文化
1226,陸森寶（大辭典舊有詞條）,5P 卑南族Pinuyumayan,F 重要人物
971,大平林聚落（大辭典舊有詞條）,10O 邵族Thau,K 生活空間
1227,小蘭嶼（大辭典舊有詞條）,9Y 雅美族Yami,K 生活空間
972,日月潭文武廟（大辭典舊有詞條）,10O 邵族Thau,K 生活空間
1228,大水源（大辭典舊有詞條）,9Y 雅美族Yami,K 生活空間
973,日月潭邵族民族誌調查報告（大辭典舊有詞條）,10O 邵族Thau,D 重要文獻
1229,紀守常（大辭典舊有詞條）,41ATR 他族,F 重要人物
974,日月潭邵族調查報告（大辭典舊有詞條）,10O 邵族Thau,D 重要文獻
1230,船屋（大辭典舊有詞條）,9Y 雅美族Yami,K 生活空間
975,正心書院（大辭典舊有詞條）,10O 邵族Thau,K 生活空間
1231,靠背石（大辭典舊有詞條）,9Y 雅美族Yami,M 物質文化
976,伊達邵（大辭典舊有詞條）,10O 邵族Thau,K 生活空間
1232,飛魚架（大辭典舊有詞條）,9Y 雅美族Yami,L 生活禮俗
977,明德宮（大辭典舊有詞條）,10O 邵族Thau,K 生活空間
1233,涼亭（大辭典舊有詞條）,9Y 雅美族Yami,K 生活空間
978,邵語（大辭典舊有詞條）,10O 邵族Thau,Q 語言文字
1234,大河流（大辭典舊有詞條）,9Y 雅美族Yami,K 生活空間
979,祖靈信仰（大辭典舊有詞條）,10O 邵族Thau,R 信仰祭儀
1235,小米祭（大辭典舊有詞條）,9Y 雅美族Yami,R 信仰祭儀
980,下淡水溪（大辭典舊有詞條）,31PNP 平埔族群,K 生活空間
1236,高屋（大辭典舊有詞條）,9Y 雅美族Yami,K 生活空間
981,大傑顛社（大辭典舊有詞條）,31PNP 平埔族群,K 生活空間
1237,蠻阿威（大辭典舊有詞條）,9Y 雅美族Yami,R 信仰祭儀
982,山腳人（大辭典舊有詞條）,31PNP 平埔族群,E 族群類屬
1238,大螃蟹與大蟒蛇（大辭典舊有詞條）,4B 布農族Bunun,Y 神話傳說
983,仙姑祖（大辭典舊有詞條）,31PNP 平埔族群,R 信仰祭儀
1239,亞伊部谷與梅亞希（大辭典舊有詞條）,7C 鄒族Cou,Y 神話傳說
984,地基主（大辭典舊有詞條）,31PNP 平埔族群,R 信仰祭儀
1240,取火（大辭典舊有詞條）,6R 魯凱族Rukai,Y 神話傳說
985,放索人（大辭典舊有詞條）,31PNP 平埔族群,E 族群類屬
1241,孤兒與烏鴉（大辭典舊有詞條）,6R 魯凱族Rukai,Y 神話傳說
986,武洛社（大辭典舊有詞條）,31PNP 平埔族群,K 生活空間
1242,長毛公公（大辭典舊有詞條）,7C 鄒族Cou,Y 神話傳說
987,矸子佛（大辭典舊有詞條）,31PNP 平埔族群,R 信仰祭儀
1243,阿里卡該（大辭典舊有詞條）,1A 阿美族Amis,Y 神話傳說
988,阿猴林（大辭典舊有詞條）,31PNP 平埔族群,K 生活空間
1244,馬啾啾（大辭典舊有詞條）,13Z 撒奇萊雅族Sakizaya,Y 神話傳說
989,恆春人（大辭典舊有詞條）,31PNP 平埔族群,E 族群類屬
1245,逐鹿傳說（大辭典舊有詞條）,10O 邵族Thau,Y 神話傳說
990,唐山公、嬤（大辭典舊有詞條）,31PNP 平埔族群,H 歷史事件
1246,善惡婆婆（大辭典舊有詞條）,5P 卑南族Pinuyumayan,Y 神話傳說
991,娘媽（大辭典舊有詞條）,31PNP 平埔族群,R 信仰祭儀
1247,黑翅膀的飛魚（大辭典舊有詞條）,9Y 雅美族Yami,Y 神話傳說
992,神農大帝（大辭典舊有詞條）,31PNP 平埔族群,R 信仰祭儀
1248,聖陶壺（大辭典舊有詞條）,6R 魯凱族Rukai,Y 神話傳說
993,針四娘（大辭典舊有詞條）,31PNP 平埔族群,R 信仰祭儀
1249,萬山岩雕卅孤巴察峨（大辭典舊有詞條）,6R 魯凱族Rukai,Y 神話傳說
994,馬卡道（大辭典舊有詞條）,31PNP 平埔族群,E 族群類屬
1250,截屍化人（大辭典舊有詞條）,8S 賽夏族SaySiyat,Y 神話傳說
995,麻崙祖（大辭典舊有詞條）,31PNP 平埔族群,R 信仰祭儀
1251,織布起源（大辭典舊有詞條）,21PAN 泛族群,Y 神話傳說
996,搭加里揚（大辭典舊有詞條）,31PNP 平埔族群,K 生活空間
1252,卡達孚旺（大辭典舊有詞條）,13Z 撒奇萊雅族Sakizaya,Y 神話傳說
997,鳳山八社（大辭典舊有詞條）,31PNP 平埔族群,K 生活空間
1253,矮人（大辭典舊有詞條）,7C 鄒族Cou,Y 神話傳說
998,女祭司（大辭典舊有詞條）,11K 噶瑪蘭族Kebalan,R 信仰祭儀
1254,人與動物（大辭典舊有詞條）,4B 布農族Bunun,Y 神話傳說
999,加禮宛六社（大辭典舊有詞條）,11K 噶瑪蘭族Kebalan,K 生活空間
1255,石生人與竹生人（大辭典舊有詞條）,9Y 雅美族Yami,Y 神話傳說
1000,加禮宛社之祭祖儀禮（大辭典舊有詞條）,11K 噶瑪蘭族Kebalan,R 信仰祭儀
1256,收養蛇子（大辭典舊有詞條）,7C 鄒族Cou,Y 神話傳說
1001,招魂儀式（大辭典舊有詞條）,11K 噶瑪蘭族Kebalan,L 生活禮俗
1257,竹生神話（大辭典舊有詞條）,5P 卑南族Pinuyumayan,Y 神話傳說
1002,哆囉美遠社之祭祖儀禮（大辭典舊有詞條）,11K 噶瑪蘭族Kebalan,R 信仰祭儀
1258,始祖傳說（大辭典舊有詞條）,3W 排灣族Paiwan,Y 神話傳說
1003,除瘟祭（大辭典舊有詞條）,11K 噶瑪蘭族Kebalan,R 信仰祭儀
1259,風箏救人（大辭典舊有詞條）,5P 卑南族Pinuyumayan,Y 神話傳說
1004,祭祖儀禮（大辭典舊有詞條）,11K 噶瑪蘭族Kebalan,R 信仰祭儀
1260,除毛（大辭典舊有詞條）,8S 賽夏族SaySiyat,Y 神話傳說
1005,傳統聚落空間（大辭典舊有詞條）,11K 噶瑪蘭族Kebalan,K 生活空間
1261,動物的由來（大辭典舊有詞條）,5P 卑南族Pinuyumayan,Y 神話傳說
1006,噶瑪蘭語詞典（大辭典舊有詞條）,11K 噶瑪蘭族Kebalan,D 重要文獻
1262,莫氏樹蛙（大辭典舊有詞條）,13Z 撒奇萊雅族Sakizaya,Y 神話傳說
1007,噶瑪蘭廳志（大辭典舊有詞條）,11K 噶瑪蘭族Kebalan,D 重要文獻
1263,陶器起源（大辭典舊有詞條）,21PAN 泛族群,Y 神話傳說
1008,蘭地三十六社（大辭典舊有詞條）,11K 噶瑪蘭族Kebalan,K 生活空間
1264,麻雀卅白腰文鳥（大辭典舊有詞條）,6R 魯凱族Rukai,Y 神話傳說
1009,八部合音（大辭典舊有詞條）,4B 布農族Bunun,A 藝術文化
1265,創始女神（大辭典舊有詞條）,11K 噶瑪蘭族Kebalan,Y 神話傳說
1010,火祭（大辭典舊有詞條）,4B 布農族Bunun,R 信仰祭儀
1266,智慧之神（大辭典舊有詞條）,13Z 撒奇萊雅族Sakizaya,Y 神話傳說
1011,冬天月祭（大辭典舊有詞條）,4B 布農族Bunun,R 信仰祭儀
1267,猴子（大辭典舊有詞條）,5P 卑南族Pinuyumayan,Y 神話傳說
1012,拉幕安（大辭典舊有詞條）,4B 布農族Bunun,K 生活空間
1268,菸草起源（大辭典舊有詞條）,1A 阿美族Amis,Y 神話傳說
1013,間苗月祭（大辭典舊有詞條）,4B 布農族Bunun,R 信仰祭儀
1269,超能力者（大辭典舊有詞條）,6R 魯凱族Rukai,Y 神話傳說
1014,公有領域（大辭典舊有詞條）,2T 泰雅族Tayal,K 生活空間
1270,雷女（大辭典舊有詞條）,8S 賽夏族SaySiyat,Y 神話傳說
1015,太田山戰役（大辭典舊有詞條）,2T 泰雅族Tayal,H 歷史事件
1271,漁人村si Jiaong（大辭典舊有詞條）,9Y 雅美族Yami,Y 神話傳說
1016,卡奧灣戰役（大辭典舊有詞條）,2T 泰雅族Tayal,H 歷史事件
1272,變烏鴉（大辭典舊有詞條）,2T 泰雅族Tayal,Y 神話傳說
1017,司加耶武戰役（大辭典舊有詞條）,2T 泰雅族Tayal,H 歷史事件
1273,人的由來（大辭典舊有詞條）,2T 泰雅族Tayal,Y 神話傳說
1018,石加路群（大辭典舊有詞條）,2T 泰雅族Tayal,E 族群類屬
1274,孕婦引洪水神話（大辭典舊有詞條）,9Y 雅美族Yami,Y 神話傳說
1019,收割祭（大辭典舊有詞條）,2T 泰雅族Tayal,R 信仰祭儀
1275,打火石（大辭典舊有詞條）,2T 泰雅族Tayal,Y 神話傳說
1020,沙拉茂群（大辭典舊有詞條）,2T 泰雅族Tayal,E 族群類屬
1276,守護神（大辭典舊有詞條）,13Z 撒奇萊雅族Sakizaya,Y 神話傳說
1021,枕頭山戰役（大辭典舊有詞條）,2T 泰雅族Tayal,H 歷史事件
1277,兩腳魚（大辭典舊有詞條）,2T 泰雅族Tayal,Y 神話傳說
1022,金那基群（大辭典舊有詞條）,2T 泰雅族Tayal,E 族群類屬
1278,穿山甲（大辭典舊有詞條）,7C 鄒族Cou,Y 神話傳說
1023,泰雅族（大辭典舊有詞條）,2T 泰雅族Tayal,E 族群類屬
1279,食物起源（大辭典舊有詞條）,1A 阿美族Amis,Y 神話傳說
785,排灣族服飾（大辭典舊有詞條）,3W 排灣族Paiwan,M 物質文化
784,阿美族服飾（大辭典舊有詞條）,1A 阿美族Amis,M 物質文化
768,內山人與海口人（大辭典舊有詞條）,31PNP 平埔族群,E 族群類屬
769,達谷布亞努（大辭典舊有詞條）,7C 鄒族Cou,K 生活空間
770,撒種月（大辭典舊有詞條）,4B 布農族Bunun,R 信仰祭儀
771,火起源（大辭典舊有詞條）,21PAN 泛族群,Y 神話傳說
772,熊與豹（大辭典舊有詞條）,21PAN 泛族群,Y 神話傳說
773,五孔洞神話（大辭典舊有詞條）,9Y 雅美族Yami,Y 神話傳說
774,文身起源（大辭典舊有詞條）,21PAN 泛族群,Y 神話傳說
775,巴冷公主（大辭典舊有詞條）,6R 魯凱族Rukai,Y 神話傳說
776,獵首起源（大辭典舊有詞條）,21PAN 泛族群,Y 神話傳說
777,布農族服飾（大辭典舊有詞條）,4B 布農族Bunun,M 物質文化
778,卑南族服飾（大辭典舊有詞條）,5P 卑南族Pinuyumayan,M 物質文化
779,泰雅族服飾（大辭典舊有詞條）,2T 泰雅族Tayal,M 物質文化
780,雅美族服飾（大辭典舊有詞條）,9Y 雅美族Yami,M 物質文化
781,鄒族服飾（大辭典舊有詞條）,7C 鄒族Cou,M 物質文化
782,魯凱族服飾（大辭典舊有詞條）,6R 魯凱族Rukai,M 物質文化
646,小米酒（大辭典舊有詞條）,21PAN 泛族群,M 物質文化
647,弓琴（大辭典舊有詞條）,21PAN 泛族群,A 藝術文化
648,分食（大辭典舊有詞條）,21PAN 泛族群,L 生活禮俗
649,天神（大辭典舊有詞條）,21PAN 泛族群,R 信仰祭儀
650,文字傳說（大辭典舊有詞條）,21PAN 泛族群,Y 神話傳說
651,木雕（大辭典舊有詞條）,21PAN 泛族群,A 藝術文化
652,出生與命名（大辭典舊有詞條）,21PAN 泛族群,L 生活禮俗
653,出草（大辭典舊有詞條）,21PAN 泛族群,L 生活禮俗
654,巨人（大辭典舊有詞條）,21PAN 泛族群,Y 神話傳說
655,石板屋（大辭典舊有詞條）,21PAN 泛族群,M 物質文化
656,石柱（大辭典舊有詞條）,21PAN 泛族群,M 物質文化
657,再婚（大辭典舊有詞條）,21PAN 泛族群,L 生活禮俗
658,回娘家（大辭典舊有詞條）,21PAN 泛族群,L 生活禮俗
659,年祭（大辭典舊有詞條）,21PAN 泛族群,R 信仰祭儀
660,年齡階級（大辭典舊有詞條）,21PAN 泛族群,S 社會組織
661,成年禮（大辭典舊有詞條）,21PAN 泛族群,L 生活禮俗
662,收穫祭（大辭典舊有詞條）,21PAN 泛族群,R 信仰祭儀
663,死亡（大辭典舊有詞條）,21PAN 泛族群,L 生活禮俗
664,竹占（大辭典舊有詞條）,21PAN 泛族群,R 信仰祭儀
665,竹筏（大辭典舊有詞條）,21PAN 泛族群,M 物質文化
666,老鷹（大辭典舊有詞條）,21PAN 泛族群,Y 神話傳說
667,住屋（大辭典舊有詞條）,21PAN 泛族群,M 物質文化
668,巫師（大辭典舊有詞條）,21PAN 泛族群,R 信仰祭儀
669,巫術（大辭典舊有詞條）,21PAN 泛族群,R 信仰祭儀
670,巫醫（大辭典舊有詞條）,21PAN 泛族群,R 信仰祭儀
671,身體毀飾（大辭典舊有詞條）,21PAN 泛族群,L 生活禮俗
672,刺繡（大辭典舊有詞條）,21PAN 泛族群,M 物質文化
673,命名（大辭典舊有詞條）,21PAN 泛族群,L 生活禮俗
674,姓氏（大辭典舊有詞條）,21PAN 泛族群,L 生活禮俗
675,服喪（大辭典舊有詞條）,21PAN 泛族群,L 生活禮俗
676,泛靈信仰（大辭典舊有詞條）,21PAN 泛族群,R 信仰祭儀
677,花環（大辭典舊有詞條）,21PAN 泛族群,M 物質文化
678,契約（大辭典舊有詞條）,21PAN 泛族群,P 法政經濟
679,姻兄弟（大辭典舊有詞條）,21PAN 泛族群,L 生活禮俗
680,洪水（大辭典舊有詞條）,21PAN 泛族群,Y 神話傳說
681,狩獵（大辭典舊有詞條）,21PAN 泛族群,L 生活禮俗
682,狩獵祭（大辭典舊有詞條）,21PAN 泛族群,R 信仰祭儀
683,祈雨祭（大辭典舊有詞條）,21PAN 泛族群,R 信仰祭儀
684,穿耳（大辭典舊有詞條）,21PAN 泛族群,L 生活禮俗
685,美崙山（大辭典舊有詞條）,21PAN 泛族群,K 生活空間
686,背簍（大辭典舊有詞條）,21PAN 泛族群,M 物質文化
687,訂婚（大辭典舊有詞條）,21PAN 泛族群,L 生活禮俗
688,家族（大辭典舊有詞條）,21PAN 泛族群,S 社會組織
689,射日（大辭典舊有詞條）,21PAN 泛族群,Y 神話傳說
690,捕魚（大辭典舊有詞條）,21PAN 泛族群,L 生活禮俗
691,時間（大辭典舊有詞條）,21PAN 泛族群,L 生活禮俗
692,海祭（大辭典舊有詞條）,21PAN 泛族群,R 信仰祭儀
693,疾病（大辭典舊有詞條）,21PAN 泛族群,L 生活禮俗
694,祖靈（大辭典舊有詞條）,21PAN 泛族群,R 信仰祭儀
695,祖靈屋（大辭典舊有詞條）,21PAN 泛族群,M 物質文化
696,祖靈祭（大辭典舊有詞條）,21PAN 泛族群,R 信仰祭儀
697,神靈（大辭典舊有詞條）,21PAN 泛族群,R 信仰祭儀
698,刺青（大辭典舊有詞條）,21PAN 泛族群,L 生活禮俗
699,財產制度（大辭典舊有詞條）,21PAN 泛族群,P 法政經濟
700,起源傳說（大辭典舊有詞條）,21PAN 泛族群,Y 神話傳說
701,婚姻（大辭典舊有詞條）,21PAN 泛族群,L 生活禮俗
702,婚禮（大辭典舊有詞條）,21PAN 泛族群,L 生活禮俗
703,琉璃珠（大辭典舊有詞條）,21PAN 泛族群,A 藝術文化
704,祭司（大辭典舊有詞條）,21PAN 泛族群,R 信仰祭儀
705,祭屋（大辭典舊有詞條）,21PAN 泛族群,M 物質文化
706,造船起源（大辭典舊有詞條）,21PAN 泛族群,Y 神話傳說
707,部落命名（大辭典舊有詞條）,21PAN 泛族群,L 生活禮俗
708,部落組織（大辭典舊有詞條）,21PAN 泛族群,S 社會組織
709,部落會議（大辭典舊有詞條）,21PAN 泛族群,S 社會組織
710,陶壺（大辭典舊有詞條）,21PAN 泛族群,M 物質文化
711,鳥占（大辭典舊有詞條）,21PAN 泛族群,R 信仰祭儀
712,喪葬（大辭典舊有詞條）,21PAN 泛族群,L 生活禮俗
713,惡靈（大辭典舊有詞條）,21PAN 泛族群,R 信仰祭儀
714,提親（大辭典舊有詞條）,21PAN 泛族群,L 生活禮俗
715,植物（農業）起源（大辭典舊有詞條）,21PAN 泛族群,Y 神話傳說
716,焚獵（大辭典舊有詞條）,21PAN 泛族群,L 生活禮俗
717,結婚（大辭典舊有詞條）,21PAN 泛族群,L 生活禮俗
718,貴族（大辭典舊有詞條）,21PAN 泛族群,S 社會組織
719,開墾祭（大辭典舊有詞條）,21PAN 泛族群,R 信仰祭儀
720,傳統歌謠（大辭典舊有詞條）,21PAN 泛族群,A 藝術文化
721,傳統醫療（大辭典舊有詞條）,21PAN 泛族群,L 生活禮俗
722,搶婚（大辭典舊有詞條）,21PAN 泛族群,L 生活禮俗
723,歲時祭儀（大辭典舊有詞條）,21PAN 泛族群,R 信仰祭儀
724,煙斗（大辭典舊有詞條）,21PAN 泛族群,M 物質文化
725,禁忌（大辭典舊有詞條）,21PAN 泛族群,R 信仰祭儀
726,農耕（大辭典舊有詞條）,21PAN 泛族群,L 生活禮俗
727,嘎雅（大辭典舊有詞條）,21PAN 泛族群,R 信仰祭儀
728,夢占（大辭典舊有詞條）,21PAN 泛族群,R 信仰祭儀
729,槍（大辭典舊有詞條）,4B 布農族Bunun,M 物質文化
730,歌謠（大辭典舊有詞條）,21PAN 泛族群,A 藝術文化
731,網袋（大辭典舊有詞條）,21PAN 泛族群,M 物質文化
732,製陶（大辭典舊有詞條）,21PAN 泛族群,M 物質文化
733,播種祭（大辭典舊有詞條）,21PAN 泛族群,R 信仰祭儀
734,敵首祭（大辭典舊有詞條）,21PAN 泛族群,R 信仰祭儀
735,樂器（大辭典舊有詞條）,21PAN 泛族群,A 藝術文化
736,穀倉（大辭典舊有詞條）,21PAN 泛族群,K 生活空間
737,魯凱族舞樂（大辭典舊有詞條）,6R 魯凱族Rukai,A 藝術文化
738,獨木舟（大辭典舊有詞條）,21PAN 泛族群,M 物質文化
739,親族（大辭典舊有詞條）,21PAN 泛族群,S 社會組織
740,貓頭鷹（大辭典舊有詞條）,21PAN 泛族群,Y 神話傳說
741,頭目（大辭典舊有詞條）,21PAN 泛族群,S 社會組織
742,敵首架（大辭典舊有詞條）,21PAN 泛族群,M 物質文化
743,鞦韆（大辭典舊有詞條）,21PAN 泛族群,L 生活禮俗
744,馘首祭（大辭典舊有詞條）,21PAN 泛族群,R 信仰祭儀
745,獵人（大辭典舊有詞條）,21PAN 泛族群,S 社會組織
746,獵區（大辭典舊有詞條）,21PAN 泛族群,K 生活空間
747,織布（大辭典舊有詞條）,21PAN 泛族群,M 物質文化
748,舊香蘭遺址（大辭典舊有詞條）,21PAN 泛族群,T 考古遺址
749,豐年祭（大辭典舊有詞條）,21PAN 泛族群,R 信仰祭儀
750,離婚（大辭典舊有詞條）,21PAN 泛族群,L 生活禮俗
751,懷孕（大辭典舊有詞條）,21PAN 泛族群,L 生活禮俗
752,鐵器、農具起源（大辭典舊有詞條）,21PAN 泛族群,Y 神話傳說
753,釀酒（大辭典舊有詞條）,21PAN 泛族群,L 生活禮俗
754,靈屋（大辭典舊有詞條）,21PAN 泛族群,K 生活空間
755,靈（大辭典舊有詞條）,21PAN 泛族群,R 信仰祭儀
756,靈橋（大辭典舊有詞條）,21PAN 泛族群,R 信仰祭儀
757,鑿齒（大辭典舊有詞條）,21PAN 泛族群,L 生活禮俗
758,大武山（大辭典舊有詞條）,3W 排灣族Paiwan,Y 神話傳說
759,大員（大辭典舊有詞條）,21PAN 泛族群,K 生活空間
760,治療儀禮（大辭典舊有詞條）,11K 噶瑪蘭族Kebalan,R 信仰祭儀
761,莫那‧魯道（大辭典舊有詞條）,14Q 賽德克族Seediq,F 重要人物
762,長老（大辭典舊有詞條）,21PAN 泛族群,S 社會組織
763,聚會所（大辭典舊有詞條）,21PAN 泛族群,S 社會組織
764,換工（大辭典舊有詞條）,21PAN 泛族群,L 生活禮俗
765,占卜（大辭典舊有詞條）,21PAN 泛族群,R 信仰祭儀
766,白石山牡丹岩（大辭典舊有詞條）,21PAN 泛族群,K 生活空間
767,嘎嘎（大辭典舊有詞條）,2T 泰雅族Tayal,R 信仰祭儀
642,口笛（大辭典舊有詞條）,21PAN 泛族群,A 藝術文化
643,口簧琴（大辭典舊有詞條）,21PAN 泛族群,A 藝術文化
644,大霸尖山（大辭典舊有詞條）,21PAN 泛族群,K 生活空間
645,小米起源（大辭典舊有詞條）,21PAN 泛族群,Y 神話傳說
636,山蘇（大辭典舊有詞條）,1A 阿美族Amis,B 民族動植物
637,紅糯米（大辭典舊有詞條）,1A 阿美族Amis,B 民族動植物
638,雀榕（大辭典舊有詞條）,1A 阿美族Amis,B 民族動植物
639,樹豆（大辭典舊有詞條）,1A 阿美族Amis,B 民族動植物
640,翼豆（大辭典舊有詞條）,1A 阿美族Amis,B 民族動植物
641,薑（大辭典舊有詞條）,1A 阿美族Amis,B 民族動植物
633,刀（大辭典舊有詞條）,21PAN 泛族群,M 物質文化
631,霞喀羅戰役（大辭典舊有詞條）,2T 泰雅族Tayal,H 歷史事件
629,《泰雅族的社會組織》（大辭典舊有詞條）,12U 太魯閣族Truku,D 重要文獻
628,《泰雅族的文化—部落遷徙與擴張》（大辭典舊有詞條）,12U 太魯閣族Truku,D 重要文獻
627,李崠山戰役（大辭典舊有詞條）,2T 泰雅族Tayal,H 歷史事件
626,賽德克族（大辭典舊有詞條）,14Q 賽德克族Seediq,E 族群類屬
625,布農族（大辭典舊有詞條）,4B 布農族Bunun,E 族群類屬
624,北勢群（大辭典舊有詞條）,2T 泰雅族Tayal,E 族群類屬
623,加拉排群（大辭典舊有詞條）,2T 泰雅族Tayal,E 族群類屬
622,大湖群（大辭典舊有詞條）,2T 泰雅族Tayal,E 族群類屬
512,Palaback,31PNP 平埔族群,F 重要人物
513,茅飽琬,31PNP 平埔族群,F 重要人物
514,斗六甲,31PNP 平埔族群,F 重要人物
515,李明,31PNP 平埔族群,F 重要人物
516,林天桂,31PNP 平埔族群,F 重要人物
517,林李潘,31PNP 平埔族群,F 重要人物
518,潘木生,31PNP 平埔族群,F 重要人物
519,達傑,31PNP 平埔族群,F 重要人物
520,著加萬,31PNP 平埔族群,F 重要人物
521,貓勞眉,31PNP 平埔族群,F 重要人物
522,加里嗘,31PNP 平埔族群,F 重要人物
523,那里氏,31PNP 平埔族群,F 重要人物
524,柯老,31PNP 平埔族群,F 重要人物
525,那抵,31PNP 平埔族群,F 重要人物
526,馬芳,31PNP 平埔族群,F 重要人物
527,馬蘭（圭柔社）,31PNP 平埔族群,F 重要人物
528,大豆鼓碌,31PNP 平埔族群,F 重要人物
529,保羅漢,31PNP 平埔族群,F 重要人物
530,大頭萬,31PNP 平埔族群,F 重要人物
531,乃吶,31PNP 平埔族群,F 重要人物
532,Camaco / Kamaco,31PNP 平埔族群,F 重要人物
533,藉密,31PNP 平埔族群,F 重要人物
534,斗末,31PNP 平埔族群,F 重要人物
535,利申,31PNP 平埔族群,F 重要人物
536,長開,31PNP 平埔族群,F 重要人物
537,馬蘭（八里坌社）,31PNP 平埔族群,F 重要人物
538,李細年（Lisoinien）,31PNP 平埔族群,F 重要人物
539,馬眉,31PNP 平埔族群,F 重要人物
540,升三,31PNP 平埔族群,F 重要人物
285,猫老尉,31PNP 平埔族群,F 重要人物
541,包仔嗹,31PNP 平埔族群,F 重要人物
286,歹藥,31PNP 平埔族群,F 重要人物
542,慶三,31PNP 平埔族群,F 重要人物
287,進生,31PNP 平埔族群,F 重要人物
543,應元,31PNP 平埔族群,F 重要人物
288,虎豹厘（新港社）,31PNP 平埔族群,F 重要人物
544,王月生,31PNP 平埔族群,F 重要人物
289,加𠯿唏（新港社）,31PNP 平埔族群,F 重要人物
545,鄭安吉,31PNP 平埔族群,F 重要人物
290,連生,31PNP 平埔族群,F 重要人物
546,潘金勝,31PNP 平埔族群,F 重要人物
291,陳璋生,31PNP 平埔族群,F 重要人物
547,潘合勝,31PNP 平埔族群,F 重要人物
292,南茅,31PNP 平埔族群,F 重要人物
548,鄭謙光,31PNP 平埔族群,F 重要人物
293,劉阿巴,31PNP 平埔族群,F 重要人物
549,潘建章,31PNP 平埔族群,F 重要人物
294,丹桂,31PNP 平埔族群,F 重要人物
550,王文波,31PNP 平埔族群,F 重要人物
295,林武力,31PNP 平埔族群,F 重要人物
551,王永源,31PNP 平埔族群,F 重要人物
296,劉什班,31PNP 平埔族群,F 重要人物
552,王鄭潘,31PNP 平埔族群,F 重要人物
297,劉芳春,31PNP 平埔族群,F 重要人物
553,番金國,31PNP 平埔族群,F 重要人物
298,解德安,31PNP 平埔族群,F 重要人物
554,甘望雲,31PNP 平埔族群,F 重要人物
299,蟹連忠,31PNP 平埔族群,F 重要人物
555,林安邦,31PNP 平埔族群,F 重要人物
300,廣昌,31PNP 平埔族群,F 重要人物
556,利本,31PNP 平埔族群,F 重要人物
301,英仕香,31PNP 平埔族群,F 重要人物
557,良生,31PNP 平埔族群,F 重要人物
302,解潘鐘,31PNP 平埔族群,F 重要人物
558,林慶妙,31PNP 平埔族群,F 重要人物
303,鍾維聯,31PNP 平埔族群,F 重要人物
559,里滑井肴,31PNP 平埔族群,F 重要人物
304,新日陞,31PNP 平埔族群,F 重要人物
560,林成章,31PNP 平埔族群,F 重要人物
305,新永清,31PNP 平埔族群,F 重要人物
561,潘新祐,31PNP 平埔族群,F 重要人物
306,劉承恩,31PNP 平埔族群,F 重要人物
562,林和成,31PNP 平埔族群,F 重要人物
307,潘興吉,31PNP 平埔族群,F 重要人物
563,林慶陽,31PNP 平埔族群,F 重要人物
308,劉登春,31PNP 平埔族群,F 重要人物
564,潘榮來,31PNP 平埔族群,F 重要人物
309,烏牌,31PNP 平埔族群,F 重要人物
565,利加臘,31PNP 平埔族群,F 重要人物
310,假己,31PNP 平埔族群,F 重要人物
566,己力氏老婆,31PNP 平埔族群,F 重要人物
311,虎豹厘（後壠社）,31PNP 平埔族群,F 重要人物
567,蔴己力,31PNP 平埔族群,F 重要人物
312,武葛（後壠社）,31PNP 平埔族群,F 重要人物
568,八只安那,31PNP 平埔族群,F 重要人物
313,茅仔（後壠社）,31PNP 平埔族群,F 重要人物
569,己力,31PNP 平埔族群,F 重要人物
314,茅遠,31PNP 平埔族群,F 重要人物
570,慶昇,31PNP 平埔族群,F 重要人物
315,加𠯿唏（後壠社）,31PNP 平埔族群,F 重要人物
571,潘振和,31PNP 平埔族群,F 重要人物
316,張乾元,31PNP 平埔族群,F 重要人物
572,潘冠祿,31PNP 平埔族群,F 重要人物
317,長瑞,31PNP 平埔族群,F 重要人物
573,潘正和,31PNP 平埔族群,F 重要人物
318,陳者生,31PNP 平埔族群,F 重要人物
574,友茅舅,31PNP 平埔族群,F 重要人物
319,施德蘭,31PNP 平埔族群,F 重要人物
575,虎茅擺躍,31PNP 平埔族群,F 重要人物
320,康胡城,31PNP 平埔族群,F 重要人物
576,有眉大腳郎,31PNP 平埔族群,F 重要人物
321,李明清,31PNP 平埔族群,F 重要人物
577,有眉,31PNP 平埔族群,F 重要人物
322,吳騰雲,31PNP 平埔族群,F 重要人物
578,武朗,31PNP 平埔族群,F 重要人物
323,十班,31PNP 平埔族群,F 重要人物
579,有明,31PNP 平埔族群,F 重要人物
324,合番九歪,31PNP 平埔族群,F 重要人物
580,合欣,31PNP 平埔族群,F 重要人物
325,八系米那貓𠯿干,31PNP 平埔族群,F 重要人物
581,箕山,31PNP 平埔族群,F 重要人物
326,武葛（猫閣社）,31PNP 平埔族群,F 重要人物
582,成元,31PNP 平埔族群,F 重要人物
327,佛抵希,31PNP 平埔族群,F 重要人物
583,林大茅,31PNP 平埔族群,F 重要人物
328,記生,31PNP 平埔族群,F 重要人物
584,柯文貴,31PNP 平埔族群,F 重要人物
329,德發,31PNP 平埔族群,F 重要人物
585,陳玉興,31PNP 平埔族群,F 重要人物
330,李珠福,31PNP 平埔族群,F 重要人物
586,干水源,31PNP 平埔族群,F 重要人物
331,潘和泉,31PNP 平埔族群,F 重要人物
587,永坤隆,31PNP 平埔族群,F 重要人物
332,大宇呵帶,31PNP 平埔族群,F 重要人物
588,永媽龍,31PNP 平埔族群,F 重要人物
333,六觀,31PNP 平埔族群,F 重要人物
589,務罕罕,31PNP 平埔族群,F 重要人物
334,歐蚋,31PNP 平埔族群,F 重要人物
590,蕭瑞茂,31PNP 平埔族群,F 重要人物
335,光遠,31PNP 平埔族群,F 重要人物
591,蕭新添,31PNP 平埔族群,F 重要人物
336,武葛（日北社）,31PNP 平埔族群,F 重要人物
592,蕭瑞雲,31PNP 平埔族群,F 重要人物
337,假巳眉,31PNP 平埔族群,F 重要人物
593,老密氏,31PNP 平埔族群,F 重要人物
338,系米干,31PNP 平埔族群,F 重要人物
594,打那子,31PNP 平埔族群,F 重要人物
339,登老佳期,31PNP 平埔族群,F 重要人物
595,何順乾,31PNP 平埔族群,F 重要人物
340,茅烏蚋,31PNP 平埔族群,F 重要人物
596,大頭朗,31PNP 平埔族群,F 重要人物
341,加己擺手,31PNP 平埔族群,F 重要人物
597,莫比利,31PNP 平埔族群,F 重要人物
342,陳榮玉,31PNP 平埔族群,F 重要人物
598,潘有福,31PNP 平埔族群,F 重要人物
343,陳迎祥,31PNP 平埔族群,F 重要人物
599,罩豹六,31PNP 平埔族群,F 重要人物
344,陳茅生,31PNP 平埔族群,F 重要人物
600,達福,31PNP 平埔族群,F 重要人物
345,劉茅,31PNP 平埔族群,F 重要人物
601,武生,31PNP 平埔族群,F 重要人物
346,北合義,31PNP 平埔族群,F 重要人物
602,阿堂,31PNP 平埔族群,F 重要人物
347,潘文慶,31PNP 平埔族群,F 重要人物
603,決生,31PNP 平埔族群,F 重要人物
348,潘益順,31PNP 平埔族群,F 重要人物
604,連春,31PNP 平埔族群,F 重要人物
349,潘成順,31PNP 平埔族群,F 重要人物
605,掌順,31PNP 平埔族群,F 重要人物
350,北義和,31PNP 平埔族群,F 重要人物
606,田承宗,31PNP 平埔族群,F 重要人物
351,甘仔轄（日南社）,31PNP 平埔族群,F 重要人物
607,林嘉和,31PNP 平埔族群,F 重要人物
352,茅仔（日南社）,31PNP 平埔族群,F 重要人物
608,林玉春（南崁社）,31PNP 平埔族群,F 重要人物
353,武葛茅,31PNP 平埔族群,F 重要人物
609,馬難,31PNP 平埔族群,F 重要人物
354,老加已,31PNP 平埔族群,F 重要人物
610,Bokibaribock / Bocki Borich Bacq,31PNP 平埔族群,F 重要人物
355,加朥已朥希,31PNP 平埔族群,F 重要人物
611,Taradawock / Tarade Abocq,31PNP 平埔族群,F 重要人物
356,黃加已,31PNP 平埔族群,F 重要人物
612,解旦,31PNP 平埔族群,F 重要人物
357,劉仁遺,31PNP 平埔族群,F 重要人物
613,該旦馬斯來,31PNP 平埔族群,F 重要人物
358,黃恆德,31PNP 平埔族群,F 重要人物
614,茅格烏肉,31PNP 平埔族群,F 重要人物
359,劉和貴,31PNP 平埔族群,F 重要人物
615,郡乃那烏,31PNP 平埔族群,F 重要人物
360,南琳璜,31PNP 平埔族群,F 重要人物
616,馬下六阿四老,31PNP 平埔族群,F 重要人物
361,劉清吉,31PNP 平埔族群,F 重要人物
617,潘景文,31PNP 平埔族群,F 重要人物
362,南日昌,31PNP 平埔族群,F 重要人物
618,潘成充,31PNP 平埔族群,F 重要人物
363,劉林盛,31PNP 平埔族群,F 重要人物
619,潘學禮,31PNP 平埔族群,F 重要人物
364,卓个,31PNP 平埔族群,F 重要人物
620,孝里希四老,31PNP 平埔族群,F 重要人物
365,卓霧,31PNP 平埔族群,F 重要人物
366,亞生,31PNP 平埔族群,F 重要人物
367,加巳,31PNP 平埔族群,F 重要人物
368,老仔已弄,31PNP 平埔族群,F 重要人物
369,潘天賜,31PNP 平埔族群,F 重要人物
370,莫南茅,31PNP 平埔族群,F 重要人物
371,潘春旺,31PNP 平埔族群,F 重要人物
372,吞碧海,31PNP 平埔族群,F 重要人物
373,奕世昌,31PNP 平埔族群,F 重要人物
374,金永承,31PNP 平埔族群,F 重要人物
375,潘承郭,31PNP 平埔族群,F 重要人物
376,加己茅,31PNP 平埔族群,F 重要人物
377,于生,31PNP 平埔族群,F 重要人物
378,茅猫𠯿干,31PNP 平埔族群,F 重要人物
379,加苞,31PNP 平埔族群,F 重要人物
380,加蒲表行,31PNP 平埔族群,F 重要人物
381,潘大章,31PNP 平埔族群,F 重要人物
382,絲明,31PNP 平埔族群,F 重要人物
383,潘長順,31PNP 平埔族群,F 重要人物
384,苑興財,31PNP 平埔族群,F 重要人物
385,潘德和（苑裡社）,31PNP 平埔族群,F 重要人物
386,潘克昌,31PNP 平埔族群,F 重要人物
387,潘尚錦,31PNP 平埔族群,F 重要人物
388,虎豹里,31PNP 平埔族群,F 重要人物
389,瓦厘突流,31PNP 平埔族群,F 重要人物
390,茅球,31PNP 平埔族群,F 重要人物
391,加己答務,31PNP 平埔族群,F 重要人物
392,林□□,31PNP 平埔族群,F 重要人物
393,潘梅魁,31PNP 平埔族群,F 重要人物
394,金德華,31PNP 平埔族群,F 重要人物
395,潘宗劉,31PNP 平埔族群,F 重要人物
396,房和義,31PNP 平埔族群,F 重要人物
397,直加難,31PNP 平埔族群,F 重要人物
398,他灣,31PNP 平埔族群,F 重要人物
399,他灣謀肉,31PNP 平埔族群,F 重要人物
400,他番碧,31PNP 平埔族群,F 重要人物
401,東福生,31PNP 平埔族群,F 重要人物
402,東春芳,31PNP 平埔族群,F 重要人物
403,東正成,31PNP 平埔族群,F 重要人物
404,東福順,31PNP 平埔族群,F 重要人物
405,東連春,31PNP 平埔族群,F 重要人物
406,東福星,31PNP 平埔族群,F 重要人物
407,東福春,31PNP 平埔族群,F 重要人物
408,郡乃蓋厘,31PNP 平埔族群,F 重要人物
409,交臘猫倫,31PNP 平埔族群,F 重要人物
410,東林武力,31PNP 平埔族群,F 重要人物
411,斗肉愛女,31PNP 平埔族群,F 重要人物
412,交蚋四老,31PNP 平埔族群,F 重要人物
413,巧自徵,31PNP 平埔族群,F 重要人物
414,茅黃,31PNP 平埔族群,F 重要人物
415,蛟蠟,31PNP 平埔族群,F 重要人物
416,四老女女,31PNP 平埔族群,F 重要人物
417,蒲氏,31PNP 平埔族群,F 重要人物
418,淡眉,31PNP 平埔族群,F 重要人物
419,巧三益,31PNP 平埔族群,F 重要人物
420,金德芳,31PNP 平埔族群,F 重要人物
421,潘林山,31PNP 平埔族群,F 重要人物
422,曾義春,31PNP 平埔族群,F 重要人物
423,潘德順,31PNP 平埔族群,F 重要人物
424,瓦厘,31PNP 平埔族群,F 重要人物
425,福永興,31PNP 平埔族群,F 重要人物
426,盂清俊,31PNP 平埔族群,F 重要人物
427,加蚋希,31PNP 平埔族群,F 重要人物
428,叢明生,31PNP 平埔族群,F 重要人物
429,葉林生,31PNP 平埔族群,F 重要人物
430,盂蘭馨,31PNP 平埔族群,F 重要人物
431,加朥希,31PNP 平埔族群,F 重要人物
432,六官土朥夷,31PNP 平埔族群,F 重要人物
433,目下朥,31PNP 平埔族群,F 重要人物
434,歐吶瓦厘,31PNP 平埔族群,F 重要人物
435,池生,31PNP 平埔族群,F 重要人物
436,烏蚋忠連,31PNP 平埔族群,F 重要人物
437,蛤武約,31PNP 平埔族群,F 重要人物
438,潘秀峰,31PNP 平埔族群,F 重要人物
439,潘振興,31PNP 平埔族群,F 重要人物
440,潘義春,31PNP 平埔族群,F 重要人物
441,潘福成,31PNP 平埔族群,F 重要人物
442,潘德成,31PNP 平埔族群,F 重要人物
443,潘興隆,31PNP 平埔族群,F 重要人物
444,潘李秀,31PNP 平埔族群,F 重要人物
445,潘長發,31PNP 平埔族群,F 重要人物
446,潘學和,31PNP 平埔族群,F 重要人物
447,阿打歪大完,31PNP 平埔族群,F 重要人物
448,潘裕元,31PNP 平埔族群,F 重要人物
449,潘秀元,31PNP 平埔族群,F 重要人物
450,潘桂華,31PNP 平埔族群,F 重要人物
451,潘龍元,31PNP 平埔族群,F 重要人物
452,潘成元,31PNP 平埔族群,F 重要人物
453,潘順益,31PNP 平埔族群,F 重要人物
454,潘孝里希,31PNP 平埔族群,F 重要人物
455,潘纘福,31PNP 平埔族群,F 重要人物
456,Kanpo/Coupa/Kaupo,31PNP 平埔族群,F 重要人物
457,潘永桃,31PNP 平埔族群,F 重要人物
458,八力,31PNP 平埔族群,F 重要人物
459,馬老,31PNP 平埔族群,F 重要人物
460,Ilis/Gillis,31PNP 平埔族群,F 重要人物
461,Irappa/Rap/ Rabs,31PNP 平埔族群,F 重要人物
462,加里卒,31PNP 平埔族群,F 重要人物
463,己生,31PNP 平埔族群,F 重要人物
464,得春,31PNP 平埔族群,F 重要人物
465,潘正房,31PNP 平埔族群,F 重要人物
466,潘長興,31PNP 平埔族群,F 重要人物
467,潘正義,31PNP 平埔族群,F 重要人物
468,Tanquoy/ Tackway /Tachoway/ Taquay/ Tachoway,31PNP 平埔族群,F 重要人物
469,蔴厘氏,31PNP 平埔族群,F 重要人物
470,甘武陵,31PNP 平埔族群,F 重要人物
471,媽宗來,31PNP 平埔族群,F 重要人物
472,Kilach,31PNP 平埔族群,F 重要人物
473,Parimoch/Barinioch,31PNP 平埔族群,F 重要人物
474,Ghacho,31PNP 平埔族群,F 重要人物
475,Limwan,31PNP 平埔族群,F 重要人物
476,義生,31PNP 平埔族群,F 重要人物
477,匏崙,31PNP 平埔族群,F 重要人物
478,鉞仔,31PNP 平埔族群,F 重要人物
479,冰冷,31PNP 平埔族群,F 重要人物
480,秩敏,31PNP 平埔族群,F 重要人物
481,忝生月己,31PNP 平埔族群,F 重要人物
482,楊崑玉,31PNP 平埔族群,F 重要人物
483,潘如正,31PNP 平埔族群,F 重要人物
484,馬港生,31PNP 平埔族群,F 重要人物
485,馬呈瑞,31PNP 平埔族群,F 重要人物
486,馬義生,31PNP 平埔族群,F 重要人物
487,馬復成,31PNP 平埔族群,F 重要人物
488,Laco,31PNP 平埔族群,F 重要人物
489,遠柯,31PNP 平埔族群,F 重要人物
490,來氏,31PNP 平埔族群,F 重要人物
491,那甲,31PNP 平埔族群,F 重要人物
492,厚生,31PNP 平埔族群,F 重要人物
493,潘興宗,31PNP 平埔族群,F 重要人物
494,潘克明,31PNP 平埔族群,F 重要人物
495,潘昭明,31PNP 平埔族群,F 重要人物
496,潘光彩,31PNP 平埔族群,F 重要人物
497,潘德和（峰仔峙社）,31PNP 平埔族群,F 重要人物
498,潘玉崑,31PNP 平埔族群,F 重要人物
499,Siasou/ Esau/ Assauw /Asauw,31PNP 平埔族群,F 重要人物
500,Tocquoy,31PNP 平埔族群,F 重要人物
501,君孝,31PNP 平埔族群,F 重要人物
502,歐灣,31PNP 平埔族群,F 重要人物
503,八朝,31PNP 平埔族群,F 重要人物
504,大里興,31PNP 平埔族群,F 重要人物
505,哈婆攸,31PNP 平埔族群,F 重要人物
506,阿喃,31PNP 平埔族群,F 重要人物
507,全成（武朥灣社）,31PNP 平埔族群,F 重要人物
508,潘國泰,31PNP 平埔族群,F 重要人物
509,李秉乾,31PNP 平埔族群,F 重要人物
510,潘漳興,31PNP 平埔族群,F 重要人物
511,陳波（Tanpō）,31PNP 平埔族群,F 重要人物
284,四季教會（長老）,2T 泰雅族Tayal,G 機構社團
262,南科考古館,21PAN 泛族群,G 機構社團
227,劉金水,31PNP 平埔族群,F 重要人物
228,胡得生,31PNP 平埔族群,F 重要人物
229,劉紀年,31PNP 平埔族群,F 重要人物
230,林必達,31PNP 平埔族群,F 重要人物
231,劉永豐,31PNP 平埔族群,F 重要人物
232,潘德陞,31PNP 平埔族群,F 重要人物
233,夏太和,31PNP 平埔族群,F 重要人物
234,夏忠義,31PNP 平埔族群,F 重要人物
235,黃雲中,31PNP 平埔族群,F 重要人物
236,夏復義,31PNP 平埔族群,F 重要人物
237,新中興,31PNP 平埔族群,F 重要人物
238,夏永福,31PNP 平埔族群,F 重要人物
239,劉錦泰,31PNP 平埔族群,F 重要人物
240,林茂珠,31PNP 平埔族群,F 重要人物
241,胡經國,31PNP 平埔族群,F 重要人物
242,劉聯輝,31PNP 平埔族群,F 重要人物
243,潘慶文,31PNP 平埔族群,F 重要人物
226,加𠯿唏（中港社）,31PNP 平埔族群,F 重要人物
220,右武乃,31PNP 平埔族群,F 重要人物
221,林合歡,31PNP 平埔族群,F 重要人物
222,加己,31PNP 平埔族群,F 重要人物
223,茅老吻,31PNP 平埔族群,F 重要人物
224,加己毛芳,31PNP 平埔族群,F 重要人物
225,潘水全,31PNP 平埔族群,F 重要人物
187,大里罵,31PNP 平埔族群,F 重要人物
188,大孛禮,31PNP 平埔族群,F 重要人物
189,霄汝佳,31PNP 平埔族群,F 重要人物
190,丁老吻,31PNP 平埔族群,F 重要人物
191,什班,31PNP 平埔族群,F 重要人物
192,斗限比抵,31PNP 平埔族群,F 重要人物
193,開業,31PNP 平埔族群,F 重要人物
194,什班達,31PNP 平埔族群,F 重要人物
195,衛福星,31PNP 平埔族群,F 重要人物
196,衛答禮老仔己,31PNP 平埔族群,F 重要人物
197,潘文起,31PNP 平埔族群,F 重要人物
198,衛什班九蚋,31PNP 平埔族群,F 重要人物
199,潘瑞雀,31PNP 平埔族群,F 重要人物
200,錢榮兆,31PNP 平埔族群,F 重要人物
201,錢金英,31PNP 平埔族群,F 重要人物
202,錢朝拔,31PNP 平埔族群,F 重要人物
203,潘朝振,31PNP 平埔族群,F 重要人物
204,廖安邦,31PNP 平埔族群,F 重要人物
205,錢慶林,31PNP 平埔族群,F 重要人物
206,潘廷鑾,31PNP 平埔族群,F 重要人物
207,衛璧奎,31PNP 平埔族群,F 重要人物
208,新建基,31PNP 平埔族群,F 重要人物
209,Paliën,31PNP 平埔族群,F 重要人物
210,大武臘,31PNP 平埔族群,F 重要人物
211,咬龜難,31PNP 平埔族群,F 重要人物
212,東義乃,31PNP 平埔族群,F 重要人物
213,老君孝,31PNP 平埔族群,F 重要人物
214,斗生,31PNP 平埔族群,F 重要人物
215,劉榮生,31PNP 平埔族群,F 重要人物
216,潘觀寶,31PNP 平埔族群,F 重要人物
217,李朝英,31PNP 平埔族群,F 重要人物
218,陳正春（Tanchientsun）,31PNP 平埔族群,F 重要人物
186,一均,31PNP 平埔族群,F 重要人物
185,蔴朥吻直雷,31PNP 平埔族群,F 重要人物
69,福山國小（新北市烏來區）,2T 泰雅族Tayal,G 機構社團
70,樟樹國小（新北市汐止區）,1A 阿美族Amis,G 機構社團
71,烏來國中小（新北市烏來區）,2T 泰雅族Tayal,G 機構社團
72,四季國小（宜蘭縣大同鄉）,2T 泰雅族Tayal,G 機構社團
73,寒溪國小（宜蘭縣大同鄉）,2T 泰雅族Tayal,G 機構社團
74,南澳國小（宜蘭縣南澳鄉）,2T 泰雅族Tayal,G 機構社團
75,碧候國小（宜蘭縣南澳鄉）,2T 泰雅族Tayal,G 機構社團
76,武塔國小（宜蘭縣南澳鄉）,2T 泰雅族Tayal,G 機構社團
77,澳花國小（宜蘭縣南澳鄉）,2T 泰雅族Tayal,G 機構社團
78,金岳國小（宜蘭縣南澳鄉）,2T 泰雅族Tayal,G 機構社團
79,三民國小（桃園市復興區）,2T 泰雅族Tayal,G 機構社團
80,義盛國小（桃園市復興區）,2T 泰雅族Tayal,G 機構社團
81,霞雲國小（桃園市復興區）,2T 泰雅族Tayal,G 機構社團
82,奎輝國小（桃園市復興區）,2T 泰雅族Tayal,G 機構社團
83,光華國小（桃園市復興區）,2T 泰雅族Tayal,G 機構社團
84,高義國小（桃園市復興區）,2T 泰雅族Tayal,G 機構社團
85,三光國小（桃園市復興區）,2T 泰雅族Tayal,G 機構社團
86,巴崚國小（桃園市復興區）,2T 泰雅族Tayal,G 機構社團
87,竹東國小（新竹縣竹東鎮）,2T 泰雅族Tayal,G 機構社團
88,大同國小（新竹縣竹東鎮）,2T 泰雅族Tayal,G 機構社團
89,玉峰國小（新竹縣尖石鄉）,2T 泰雅族Tayal,G 機構社團
90,石磊國小（新竹縣尖石鄉）,2T 泰雅族Tayal,G 機構社團
91,新光國小（新竹縣尖石鄉）,2T 泰雅族Tayal,G 機構社團
92,花園國小（新竹縣五峰鄉）,2T 泰雅族Tayal,G 機構社團
93,上館國小（新竹縣竹東鎮）,2T 泰雅族Tayal,G 機構社團
94,東河國小（苗栗縣南庄鄉）,8S 賽夏族SaySiyat,G 機構社團
95,蓬萊國小（苗栗縣南庄鄉）,8S 賽夏族SaySiyat,G 機構社團
96,泰安國中小（苗栗縣泰安鄉）,2T 泰雅族Tayal,G 機構社團
97,泰興國小（苗栗縣泰安鄉）,2T 泰雅族Tayal,G 機構社團
98,汶水國小（苗栗縣泰安鄉）,2T 泰雅族Tayal,G 機構社團
99,象鼻國小（苗栗縣泰安鄉）,2T 泰雅族Tayal,G 機構社團
100,士林國小（苗栗縣泰安鄉）,2T 泰雅族Tayal,G 機構社團
101,白冷國小（台中市和平區）,2T 泰雅族Tayal,G 機構社團
102,博屋瑪國小（台中市和平區）,2T 泰雅族Tayal,G 機構社團
103,平等國小（台中市和平區）,2T 泰雅族Tayal,G 機構社團
104,自由國小（台中市和平區）,2T 泰雅族Tayal,G 機構社團
105,梨山國中小（台中市和平區）,2T 泰雅族Tayal,G 機構社團
106,伊達邵國小（南投縣魚池鄉）,10O 邵族Thau,G 機構社團
107,羅娜國小（南投縣信義鄉）,4B 布農族Bunun,G 機構社團
108,同富國小（南投縣信義鄉）,4B 布農族Bunun,G 機構社團
109,東埔國小（南投縣信義鄉）,4B 布農族Bunun,G 機構社團
110,潭南國小（南投縣信義鄉）,4B 布農族Bunun,G 機構社團
111,互助國小（南投縣仁愛鄉）,14Q 賽德克族Seediq,G 機構社團
112,南豐國小（南投縣仁愛鄉）,14Q 賽德克族Seediq,G 機構社團
113,中正國小（南投縣仁愛鄉）,4B 布農族Bunun,G 機構社團
114,發祥國小（南投縣仁愛鄉）,2T 泰雅族Tayal,G 機構社團
115,都達國小（南投縣仁愛鄉）,14Q 賽德克族Seediq,G 機構社團
116,春陽國小（南投縣仁愛鄉）,14Q 賽德克族Seediq,G 機構社團
117,紅葉國小（南投縣仁愛鄉）,2T 泰雅族Tayal,G 機構社團
118,達邦國小（嘉義縣阿里山鄉）,7C 鄒族Cou,G 機構社團
119,十字國小（嘉義縣阿里山鄉）,7C 鄒族Cou,G 機構社團
120,來吉國小（嘉義縣阿里山鄉）,7C 鄒族Cou,G 機構社團
121,阿里山國中小（嘉義縣阿里山鄉）,7C 鄒族Cou,G 機構社團
122,民生國小（高雄市那瑪夏區）,4B 布農族Bunun,G 機構社團
123,多納國小（高雄市茂林區）,6R 魯凱族Rukai,G 機構社團
124,建山國小（高雄市桃源區）,4B 布農族Bunun,G 機構社團
125,民權國小（高雄市那瑪夏區）,4B 布農族Bunun,G 機構社團
126,地磨兒國小（屏東縣三地門鄉）,3W 排灣族Paiwan,G 機構社團
127,青山國小（屏東縣三地門鄉）,3W 排灣族Paiwan,G 機構社團
128,霧臺國小（屏東縣霧臺鄉）,6R 魯凱族Rukai,G 機構社團
129,武潭國小（屏東縣泰武鄉）,3W 排灣族Paiwan,G 機構社團
130,泰武國小（屏東縣泰武鄉）,3W 排灣族Paiwan,G 機構社團
131,萬安國小（屏東縣泰武鄉）,3W 排灣族Paiwan,G 機構社團
132,古華國小（屏東縣春日鄉）,3W 排灣族Paiwan,G 機構社團
133,丹路國小（屏東縣獅子鄉）,3W 排灣族Paiwan,G 機構社團
134,內獅國小（屏東縣獅子鄉）,3W 排灣族Paiwan,G 機構社團
135,石門國小（屏東縣牡丹鄉）,3W 排灣族Paiwan,G 機構社團
136,高士國小（屏東縣牡丹鄉）,3W 排灣族Paiwan,G 機構社團
137,賽嘉國小（屏東縣三地門鄉）,3W 排灣族Paiwan,G 機構社團
138,長榮百合國小（屏東縣瑪家鄉）,3W 排灣族Paiwan,G 機構社團
139,豐里國小（台東縣台東市）,1A 阿美族Amis,G 機構社團
140,豐榮國小（台東縣台東市）,1A 阿美族Amis,G 機構社團
141,南王國小（台東縣台東市）,5P 卑南族Pinuyumayan,G 機構社團
142,達魯瑪克民族實驗小學（台東縣卑南鄉）,6R 魯凱族Rukai,G 機構社團
143,東河國小（台東縣東河鄉）,1A 阿美族Amis,G 機構社團
144,都蘭國小（台東縣東河鄉）,1A 阿美族Amis,G 機構社團
145,泰源國小（台東縣東河鄉）,1A 阿美族Amis,G 機構社團
146,北源國小（台東縣東河鄉）,1A 阿美族Amis,G 機構社團
147,土坂國小（台東縣達仁鄉）,3W 排灣族Paiwan,G 機構社團
148,萬榮國小（花蓮縣萬榮鄉）,12U 太魯閣族Truku,G 機構社團
149,尖石國中（新竹縣）,2T 泰雅族Tayal,G 機構社團
150,比令‧亞布,2T 泰雅族Tayal,F 重要人物
151,王國生,2T 泰雅族Tayal,F 重要人物
152,高理忠,2T 泰雅族Tayal,F 重要人物
153,曾國義,4B 布農族Bunun,F 重要人物
154,郭明正,14Q 賽德克族Seediq,F 重要人物
156,李忠岳,1A 阿美族Amis,F 重要人物
157,田劉從國,4B 布農族Bunun,F 重要人物
158,林春鳳,1A 阿美族Amis,F 重要人物
159,高元義,1A 阿美族Amis,F 重要人物
160,梁衍忠,12U 太魯閣族Truku,F 重要人物
161,許健輝,12U 太魯閣族Truku,F 重要人物
162,陳仁姮,2T 泰雅族Tayal,F 重要人物
163,黃新作,1A 阿美族Amis,F 重要人物
164,瑪達拉・達努巴克,3W 排灣族Paiwan,F 重要人物
165,廖朝明,2T 泰雅族Tayal,F 重要人物
166,鍾興華,3W 排灣族Paiwan,F 重要人物
168,童春發,3W 排灣族Paiwan,F 重要人物
169,陳誼誠,1A 阿美族Amis,F 重要人物
170,曾昱山,3W 排灣族Paiwan,F 重要人物
171,曾有欽,3W 排灣族Paiwan,F 重要人物
172,江明清,2T 泰雅族Tayal,F 重要人物
173,金洋教會（長老）,2T 泰雅族Tayal,G 機構社團
174,都信教會（長老）,14Q 賽德克族Seediq,G 機構社團
175,北埔教會（長老）,12U 太魯閣族Truku,G 機構社團
178,玉里教會（長老）,1A 阿美族Amis,G 機構社團
179,東竹教會（長老）,31PNP 平埔族群,G 機構社團
180,眉原教會（長老）,2T 泰雅族Tayal,G 機構社團
181,義興教會（長老）,2T 泰雅族Tayal,G 機構社團
182,烏內教會（長老）,2T 泰雅族Tayal,G 機構社團
68,趙福妹,8S 賽夏族SaySiyat,F 重要人物
67,趙明政,8S 賽夏族SaySiyat,F 重要人物
66,趙旺華,8S 賽夏族SaySiyat,F 重要人物
65,趙正貴,8S 賽夏族SaySiyat,F 重要人物
64,華加志,3W 排灣族Paiwan,F 重要人物
60,曹天瑞,2T 泰雅族Tayal,F 重要人物